,Age,Fare,Parch,Pclass,Sex,SibSp,Survived,Title,FamilySize,FamilyD,Deck,Child,Mother,age_times_class,Embarked_C,Embarked_Q,Embarked_S
0,22.0,7.25,0,3,0,1,0.0,5,2,small,,0,0,66.0,0,0,1
1,38.0,71.2833,0,1,1,1,1.0,2,2,small,C,0,0,38.0,1,0,0
2,26.0,7.925,0,3,1,0,1.0,1,1,singleton,,0,0,78.0,0,0,1
3,35.0,53.1,0,1,1,1,1.0,2,2,small,C,0,0,35.0,0,0,1
4,35.0,8.05,0,3,0,0,0.0,5,1,singleton,,0,0,105.0,0,0,1
5,26.0,8.4583,0,3,0,0,0.0,5,1,singleton,,0,0,78.0,0,1,0
6,54.0,51.8625,0,1,0,0,0.0,5,1,singleton,E,0,0,54.0,0,0,1
7,2.0,21.075,1,3,0,3,0.0,4,5,large,,1,0,6.0,0,0,1
8,27.0,11.1333,2,3,1,0,1.0,2,3,small,,0,1,81.0,0,0,1
9,14.0,30.0708,0,2,1,1,1.0,2,2,small,,1,0,28.0,1,0,0
10,4.0,16.7,1,3,1,1,1.0,1,3,small,G,1,0,12.0,0,0,1
11,58.0,26.55,0,1,1,0,1.0,1,1,singleton,C,0,0,58.0,0,0,1
12,20.0,8.05,0,3,0,0,0.0,5,1,singleton,,0,0,60.0,0,0,1
13,39.0,31.275,5,3,0,1,0.0,5,7,large,,0,0,117.0,0,0,1
14,14.0,7.8542,0,3,1,0,0.0,1,1,singleton,,1,0,42.0,0,0,1
15,55.0,16.0,0,2,1,0,1.0,2,1,singleton,,0,0,110.0,0,0,1
16,2.0,29.125,1,3,0,4,0.0,4,6,large,,1,0,6.0,0,1,0
17,30.0,13.0,0,2,0,0,1.0,5,1,singleton,,0,0,60.0,0,0,1
18,31.0,18.0,0,3,1,1,0.0,2,2,small,,0,0,93.0,0,0,1
19,31.0,7.225,0,3,1,0,1.0,2,1,singleton,,0,0,93.0,1,0,0
20,35.0,26.0,0,2,0,0,0.0,5,1,singleton,,0,0,70.0,0,0,1
21,34.0,13.0,0,2,0,0,1.0,5,1,singleton,D,0,0,68.0,0,0,1
22,15.0,8.0292,0,3,1,0,1.0,1,1,singleton,,1,0,45.0,0,1,0
23,28.0,35.5,0,1,0,0,1.0,5,1,singleton,A,0,0,28.0,0,0,1
24,8.0,21.075,1,3,1,3,0.0,1,5,large,,1,0,24.0,0,0,1
25,38.0,31.3875,5,3,1,1,1.0,2,7,large,,0,1,114.0,0,0,1
26,26.0,7.225,0,3,0,0,0.0,5,1,singleton,,0,0,78.0,1,0,0
27,19.0,263.0,2,1,0,3,0.0,5,6,large,C,0,0,19.0,0,0,1
28,18.0,7.8792,0,3,1,0,1.0,1,1,singleton,,0,0,54.0,0,1,0
29,26.0,7.8958,0,3,0,0,0.0,5,1,singleton,,0,0,78.0,0,0,1
30,40.0,27.7208,0,1,0,0,0.0,5,1,singleton,,0,0,40.0,1,0,0
31,45.0,146.5208,0,1,1,1,1.0,2,2,small,B,0,0,45.0,1,0,0
32,18.0,7.75,0,3,1,0,1.0,1,1,singleton,,0,0,54.0,0,1,0
33,66.0,10.5,0,2,0,0,0.0,5,1,singleton,,0,0,132.0,0,0,1
34,28.0,82.1708,0,1,0,1,0.0,5,2,small,,0,0,28.0,1,0,0
35,42.0,52.0,0,1,0,1,0.0,5,2,small,,0,0,42.0,0,0,1
36,26.0,7.2292,0,3,0,0,1.0,5,1,singleton,,0,0,78.0,1,0,0
37,21.0,8.05,0,3,0,0,0.0,5,1,singleton,,0,0,63.0,0,0,1
38,18.0,18.0,0,3,1,2,0.0,1,3,small,,0,0,54.0,0,0,1
39,14.0,11.2417,0,3,1,1,1.0,1,2,small,,1,0,42.0,1,0,0
40,40.0,9.475,0,3,1,1,0.0,2,2,small,,0,0,120.0,0,0,1
41,27.0,21.0,0,2,1,1,0.0,2,2,small,,0,0,54.0,0,0,1
42,26.0,7.8958,0,3,0,0,0.0,5,1,singleton,,0,0,78.0,1,0,0
43,3.0,41.5792,2,2,1,1,1.0,1,4,small,,1,0,6.0,1,0,0
44,19.0,7.8792,0,3,1,0,1.0,1,1,singleton,,0,0,57.0,0,1,0
45,26.0,8.05,0,3,0,0,0.0,5,1,singleton,,0,0,78.0,0,0,1
46,26.0,15.5,0,3,0,1,0.0,5,2,small,,0,0,78.0,0,1,0
47,18.0,7.75,0,3,1,0,1.0,1,1,singleton,,0,0,54.0,0,1,0
48,26.0,21.6792,0,3,0,2,0.0,5,3,small,,0,0,78.0,1,0,0
49,18.0,17.8,0,3,1,1,0.0,2,2,small,,0,0,54.0,0,0,1
50,7.0,39.6875,1,3,0,4,0.0,4,6,large,,1,0,21.0,0,0,1
51,21.0,7.8,0,3,0,0,0.0,5,1,singleton,,0,0,63.0,0,0,1
52,49.0,76.7292,0,1,1,1,1.0,2,2,small,D,0,0,49.0,1,0,0
53,29.0,26.0,0,2,1,1,1.0,2,2,small,,0,0,58.0,0,0,1
54,65.0,61.9792,1,1,0,0,0.0,5,2,small,B,0,0,65.0,1,0,0
55,42.0,35.5,0,1,0,0,1.0,5,1,singleton,C,0,0,42.0,0,0,1
56,21.0,10.5,0,2,1,0,1.0,1,1,singleton,,0,0,42.0,0,0,1
57,28.5,7.2292,0,3,0,0,0.0,5,1,singleton,,0,0,85.5,1,0,0
58,5.0,27.75,2,2,1,1,1.0,1,4,small,,1,0,10.0,0,0,1
59,11.0,46.9,2,3,0,5,0.0,4,8,large,,1,0,33.0,0,0,1
60,22.0,7.2292,0,3,0,0,0.0,5,1,singleton,,0,0,66.0,1,0,0
61,38.0,80.0,0,1,1,0,1.0,1,1,singleton,B,0,0,38.0,1,0,0
62,45.0,83.475,0,1,0,1,0.0,5,2,small,C,0,0,45.0,0,0,1
63,4.0,27.9,2,3,0,3,0.0,4,6,large,,1,0,12.0,0,0,1
64,42.0,27.7208,0,1,0,0,0.0,5,1,singleton,,0,0,42.0,1,0,0
65,6.0,15.2458,1,3,0,1,1.0,4,3,small,,1,0,18.0,1,0,0
66,29.0,10.5,0,2,1,0,1.0,2,1,singleton,F,0,0,58.0,0,0,1
67,19.0,8.1583,0,3,0,0,0.0,5,1,singleton,,0,0,57.0,0,0,1
68,17.0,7.925,2,3,1,4,1.0,1,7,large,,1,0,51.0,0,0,1
69,26.0,8.6625,0,3,0,2,0.0,5,3,small,,0,0,78.0,0,0,1
70,32.0,10.5,0,2,0,0,0.0,5,1,singleton,,0,0,64.0,0,0,1
71,16.0,46.9,2,3,1,5,0.0,1,8,large,,1,0,48.0,0,0,1
72,21.0,73.5,0,2,0,0,0.0,5,1,singleton,,0,0,42.0,0,0,1
73,26.0,14.4542,0,3,0,1,0.0,5,2,small,,0,0,78.0,1,0,0
74,32.0,56.4958,0,3,0,0,1.0,5,1,singleton,,0,0,96.0,0,0,1
75,25.0,7.65,0,3,0,0,0.0,5,1,singleton,F,0,0,75.0,0,0,1
76,26.0,7.8958,0,3,0,0,0.0,5,1,singleton,,0,0,78.0,0,0,1
77,26.0,8.05,0,3,0,0,0.0,5,1,singleton,,0,0,78.0,0,0,1
78,0.83,29.0,2,2,0,0,1.0,4,3,small,,1,0,1.66,0,0,1
79,30.0,12.475,0,3,1,0,1.0,1,1,singleton,,0,0,90.0,0,0,1
80,22.0,9.0,0,3,0,0,0.0,5,1,singleton,,0,0,66.0,0,0,1
81,29.0,9.5,0,3,0,0,1.0,5,1,singleton,,0,0,87.0,0,0,1
82,18.0,7.7875,0,3,1,0,1.0,1,1,singleton,,0,0,54.0,0,1,0
83,28.0,47.1,0,1,0,0,0.0,5,1,singleton,,0,0,28.0,0,0,1
84,17.0,10.5,0,2,1,0,1.0,1,1,singleton,,1,0,34.0,0,0,1
85,33.0,15.85,0,3,1,3,1.0,2,4,small,,0,0,99.0,0,0,1
86,16.0,34.375,3,3,0,1,0.0,5,5,large,,1,0,48.0,0,0,1
87,26.0,8.05,0,3,0,0,0.0,5,1,singleton,,0,0,78.0,0,0,1
88,23.0,263.0,2,1,1,3,1.0,1,6,large,C,0,1,23.0,0,0,1
89,24.0,8.05,0,3,0,0,0.0,5,1,singleton,,0,0,72.0,0,0,1
90,29.0,8.05,0,3,0,0,0.0,5,1,singleton,,0,0,87.0,0,0,1
91,20.0,7.8542,0,3,0,0,0.0,5,1,singleton,,0,0,60.0,0,0,1
92,46.0,61.175,0,1,0,1,0.0,5,2,small,E,0,0,46.0,0,0,1
93,26.0,20.575,2,3,0,1,0.0,5,4,small,,0,0,78.0,0,0,1
94,59.0,7.25,0,3,0,0,0.0,5,1,singleton,,0,0,177.0,0,0,1
95,26.0,8.05,0,3,0,0,0.0,5,1,singleton,,0,0,78.0,0,0,1
96,71.0,34.6542,0,1,0,0,0.0,5,1,singleton,A,0,0,71.0,1,0,0
97,23.0,63.3583,1,1,0,0,1.0,5,2,small,D,0,0,23.0,1,0,0
98,34.0,23.0,1,2,1,0,1.0,2,2,small,,0,1,68.0,0,0,1
99,34.0,26.0,0,2,0,1,0.0,5,2,small,,0,0,68.0,0,0,1
100,28.0,7.8958,0,3,1,0,0.0,1,1,singleton,,0,0,84.0,0,0,1
101,26.0,7.8958,0,3,0,0,0.0,5,1,singleton,,0,0,78.0,0,0,1
102,21.0,77.2875,1,1,0,0,0.0,5,2,small,D,0,0,21.0,0,0,1
103,33.0,8.6542,0,3,0,0,0.0,5,1,singleton,,0,0,99.0,0,0,1
104,37.0,7.925,0,3,0,2,0.0,5,3,small,,0,0,111.0,0,0,1
105,28.0,7.8958,0,3,0,0,0.0,5,1,singleton,,0,0,84.0,0,0,1
106,21.0,7.65,0,3,1,0,1.0,1,1,singleton,,0,0,63.0,0,0,1
107,26.0,7.775,0,3,0,0,1.0,5,1,singleton,,0,0,78.0,0,0,1
108,38.0,7.8958,0,3,0,0,0.0,5,1,singleton,,0,0,114.0,0,0,1
109,18.0,24.15,0,3,1,1,1.0,1,2,small,,0,0,54.0,0,1,0
110,47.0,52.0,0,1,0,0,0.0,5,1,singleton,C,0,0,47.0,0,0,1
111,14.5,14.4542,0,3,1,1,0.0,1,2,small,,1,0,43.5,1,0,0
112,22.0,8.05,0,3,0,0,0.0,5,1,singleton,,0,0,66.0,0,0,1
113,20.0,9.825,0,3,1,1,0.0,1,2,small,,0,0,60.0,0,0,1
114,17.0,14.4583,0,3,1,0,0.0,1,1,singleton,,1,0,51.0,1,0,0
115,21.0,7.925,0,3,0,0,0.0,5,1,singleton,,0,0,63.0,0,0,1
116,70.5,7.75,0,3,0,0,0.0,5,1,singleton,,0,0,211.5,0,1,0
117,29.0,21.0,0,2,0,1,0.0,5,2,small,,0,0,58.0,0,0,1
118,24.0,247.5208,1,1,0,0,0.0,5,2,small,B,0,0,24.0,1,0,0
119,2.0,31.275,2,3,1,4,0.0,1,7,large,,1,0,6.0,0,0,1
120,21.0,73.5,0,2,0,2,0.0,5,3,small,,0,0,42.0,0,0,1
121,26.0,8.05,0,3,0,0,0.0,5,1,singleton,,0,0,78.0,0,0,1
122,32.5,30.0708,0,2,0,1,0.0,5,2,small,,0,0,65.0,1,0,0
123,32.5,13.0,0,2,1,0,1.0,1,1,singleton,E,0,0,65.0,0,0,1
124,54.0,77.2875,1,1,0,0,0.0,5,2,small,D,0,0,54.0,0,0,1
125,12.0,11.2417,0,3,0,1,1.0,4,2,small,,1,0,36.0,1,0,0
126,26.0,7.75,0,3,0,0,0.0,5,1,singleton,,0,0,78.0,0,1,0
127,24.0,7.1417,0,3,0,0,1.0,5,1,singleton,,0,0,72.0,0,0,1
128,18.0,22.3583,1,3,1,1,1.0,1,3,small,F,0,0,54.0,1,0,0
129,45.0,6.975,0,3,0,0,0.0,5,1,singleton,,0,0,135.0,0,0,1
130,33.0,7.8958,0,3,0,0,0.0,5,1,singleton,,0,0,99.0,1,0,0
131,20.0,7.05,0,3,0,0,0.0,5,1,singleton,,0,0,60.0,0,0,1
132,47.0,14.5,0,3,1,1,0.0,2,2,small,,0,0,141.0,0,0,1
133,29.0,26.0,0,2,1,1,1.0,2,2,small,,0,0,58.0,0,0,1
134,25.0,13.0,0,2,0,0,0.0,5,1,singleton,,0,0,50.0,0,0,1
135,23.0,15.0458,0,2,0,0,0.0,5,1,singleton,,0,0,46.0,1,0,0
136,19.0,26.2833,2,1,1,0,1.0,1,3,small,D,0,1,19.0,0,0,1
137,37.0,53.1,0,1,0,1,0.0,5,2,small,C,0,0,37.0,0,0,1
138,16.0,9.2167,0,3,0,0,0.0,5,1,singleton,,1,0,48.0,0,0,1
139,24.0,79.2,0,1,0,0,0.0,5,1,singleton,B,0,0,24.0,1,0,0
140,31.0,15.2458,2,3,1,0,0.0,2,3,small,,0,1,93.0,1,0,0
141,22.0,7.75,0,3,1,0,1.0,1,1,singleton,,0,0,66.0,0,0,1
142,24.0,15.85,0,3,1,1,1.0,2,2,small,,0,0,72.0,0,0,1
143,19.0,6.75,0,3,0,0,0.0,5,1,singleton,,0,0,57.0,0,1,0
144,18.0,11.5,0,2,0,0,0.0,5,1,singleton,,0,0,36.0,0,0,1
145,19.0,36.75,1,2,0,1,0.0,5,3,small,,0,0,38.0,0,0,1
146,27.0,7.7958,0,3,0,0,1.0,5,1,singleton,,0,0,81.0,0,0,1
147,9.0,34.375,2,3,1,2,0.0,1,5,large,,1,0,27.0,0,0,1
148,36.5,26.0,2,2,0,0,0.0,5,3,small,F,0,0,73.0,0,0,1
149,42.0,13.0,0,2,0,0,0.0,5,1,singleton,,0,0,84.0,0,0,1
150,51.0,12.525,0,2,0,0,0.0,5,1,singleton,,0,0,102.0,0,0,1
151,22.0,66.6,0,1,1,1,1.0,2,2,small,C,0,0,22.0,0,0,1
152,55.5,8.05,0,3,0,0,0.0,5,1,singleton,,0,0,166.5,0,0,1
153,40.5,14.5,2,3,0,0,0.0,5,3,small,,0,0,121.5,0,0,1
154,26.0,7.3125,0,3,0,0,0.0,5,1,singleton,,0,0,78.0,0,0,1
155,51.0,61.3792,1,1,0,0,0.0,5,2,small,,0,0,51.0,1,0,0
156,16.0,7.7333,0,3,1,0,1.0,1,1,singleton,,1,0,48.0,0,1,0
157,30.0,8.05,0,3,0,0,0.0,5,1,singleton,,0,0,90.0,0,0,1
158,26.0,8.6625,0,3,0,0,0.0,5,1,singleton,,0,0,78.0,0,0,1
159,6.0,69.55,2,3,0,8,0.0,4,11,large,,1,0,18.0,0,0,1
160,44.0,16.1,1,3,0,0,0.0,5,2,small,,0,0,132.0,0,0,1
161,40.0,15.75,0,2,1,0,1.0,2,1,singleton,,0,0,80.0,0,0,1
162,26.0,7.775,0,3,0,0,0.0,5,1,singleton,,0,0,78.0,0,0,1
163,17.0,8.6625,0,3,0,0,0.0,5,1,singleton,,1,0,51.0,0,0,1
164,1.0,39.6875,1,3,0,4,0.0,4,6,large,,1,0,3.0,0,0,1
165,9.0,20.525,2,3,0,0,1.0,4,3,small,,1,0,27.0,0,0,1
166,45.0,55.0,1,1,1,0,1.0,2,2,small,E,0,1,45.0,0,0,1
167,45.0,27.9,4,3,1,1,0.0,2,6,large,,0,1,135.0,0,0,1
168,42.0,25.925,0,1,0,0,0.0,5,1,singleton,,0,0,42.0,0,0,1
169,28.0,56.4958,0,3,0,0,0.0,5,1,singleton,,0,0,84.0,0,0,1
170,61.0,33.5,0,1,0,0,0.0,5,1,singleton,B,0,0,61.0,0,0,1
171,4.0,29.125,1,3,0,4,0.0,4,6,large,,1,0,12.0,0,1,0
172,1.0,11.1333,1,3,1,1,1.0,1,3,small,,1,0,3.0,0,0,1
173,21.0,7.925,0,3,0,0,0.0,5,1,singleton,,0,0,63.0,0,0,1
174,56.0,30.6958,0,1,0,0,0.0,5,1,singleton,A,0,0,56.0,1,0,0
175,18.0,7.8542,1,3,0,1,0.0,5,3,small,,0,0,54.0,0,0,1
176,6.0,25.4667,1,3,0,3,0.0,4,5,large,,1,0,18.0,0,0,1
177,50.0,28.7125,0,1,1,0,0.0,1,1,singleton,C,0,0,50.0,1,0,0
178,30.0,13.0,0,2,0,0,0.0,5,1,singleton,,0,0,60.0,0,0,1
179,36.0,0.0,0,3,0,0,0.0,5,1,singleton,,0,0,108.0,0,0,1
180,18.0,69.55,2,3,1,8,0.0,1,11,large,,0,0,54.0,0,0,1
181,30.0,15.05,0,2,0,0,0.0,5,1,singleton,,0,0,60.0,1,0,0
182,9.0,31.3875,2,3,0,4,0.0,4,7,large,,1,0,27.0,0,0,1
183,1.0,39.0,1,2,0,2,1.0,4,4,small,F,1,0,2.0,0,0,1
184,4.0,22.025,2,3,1,0,1.0,1,3,small,,1,0,12.0,0,0,1
185,42.0,50.0,0,1,0,0,0.0,5,1,singleton,A,0,0,42.0,0,0,1
186,31.0,15.5,0,3,1,1,1.0,2,2,small,,0,0,93.0,0,1,0
187,45.0,26.55,0,1,0,0,1.0,5,1,singleton,,0,0,45.0,0,0,1
188,40.0,15.5,1,3,0,1,0.0,5,3,small,,0,0,120.0,0,1,0
189,36.0,7.8958,0,3,0,0,0.0,5,1,singleton,,0,0,108.0,0,0,1
190,32.0,13.0,0,2,1,0,1.0,2,1,singleton,,0,0,64.0,0,0,1
191,19.0,13.0,0,2,0,0,0.0,5,1,singleton,,0,0,38.0,0,0,1
192,19.0,7.8542,0,3,1,1,1.0,1,2,small,,0,0,57.0,0,0,1
193,3.0,26.0,1,2,0,1,1.0,4,3,small,F,1,0,6.0,0,0,1
194,44.0,27.7208,0,1,1,0,1.0,2,1,singleton,B,0,0,44.0,1,0,0
195,58.0,146.5208,0,1,1,0,1.0,1,1,singleton,B,0,0,58.0,1,0,0
196,26.0,7.75,0,3,0,0,0.0,5,1,singleton,,0,0,78.0,0,1,0
197,42.0,8.4042,1,3,0,0,0.0,5,2,small,,0,0,126.0,0,0,1
198,18.0,7.75,0,3,1,0,1.0,1,1,singleton,,0,0,54.0,0,1,0
199,24.0,13.0,0,2,1,0,0.0,1,1,singleton,,0,0,48.0,0,0,1
200,28.0,9.5,0,3,0,0,0.0,5,1,singleton,,0,0,84.0,0,0,1
201,26.0,69.55,2,3,0,8,0.0,5,11,large,,0,0,78.0,0,0,1
202,34.0,6.4958,0,3,0,0,0.0,5,1,singleton,,0,0,102.0,0,0,1
203,45.5,7.225,0,3,0,0,0.0,5,1,singleton,,0,0,136.5,1,0,0
204,18.0,8.05,0,3,0,0,1.0,5,1,singleton,,0,0,54.0,0,0,1
205,2.0,10.4625,1,3,1,0,0.0,1,2,small,G,1,0,6.0,0,0,1
206,32.0,15.85,0,3,0,1,0.0,5,2,small,,0,0,96.0,0,0,1
207,26.0,18.7875,0,3,0,0,1.0,5,1,singleton,,0,0,78.0,1,0,0
208,16.0,7.75,0,3,1,0,1.0,1,1,singleton,,1,0,48.0,0,1,0
209,40.0,31.0,0,1,0,0,1.0,5,1,singleton,A,0,0,40.0,1,0,0
210,24.0,7.05,0,3,0,0,0.0,5,1,singleton,,0,0,72.0,0,0,1
211,35.0,21.0,0,2,1,0,1.0,1,1,singleton,,0,0,70.0,0,0,1
212,22.0,7.25,0,3,0,0,0.0,5,1,singleton,,0,0,66.0,0,0,1
213,30.0,13.0,0,2,0,0,0.0,5,1,singleton,,0,0,60.0,0,0,1
214,26.0,7.75,0,3,0,1,0.0,5,2,small,,0,0,78.0,0,1,0
215,31.0,113.275,0,1,1,1,1.0,1,2,small,D,0,0,31.0,1,0,0
216,27.0,7.925,0,3,1,0,1.0,1,1,singleton,,0,0,81.0,0,0,1
217,42.0,27.0,0,2,0,1,0.0,5,2,small,,0,0,84.0,0,0,1
218,32.0,76.2917,0,1,1,0,1.0,1,1,singleton,D,0,0,32.0,1,0,0
219,30.0,10.5,0,2,0,0,0.0,5,1,singleton,,0,0,60.0,0,0,1
220,16.0,8.05,0,3,0,0,1.0,5,1,singleton,,1,0,48.0,0,0,1
221,27.0,13.0,0,2,0,0,0.0,5,1,singleton,,0,0,54.0,0,0,1
222,51.0,8.05,0,3,0,0,0.0,5,1,singleton,,0,0,153.0,0,0,1
223,26.0,7.8958,0,3,0,0,0.0,5,1,singleton,,0,0,78.0,0,0,1
224,38.0,90.0,0,1,0,1,1.0,5,2,small,C,0,0,38.0,0,0,1
225,22.0,9.35,0,3,0,0,0.0,5,1,singleton,,0,0,66.0,0,0,1
226,19.0,10.5,0,2,0,0,1.0,5,1,singleton,,0,0,38.0,0,0,1
227,20.5,7.25,0,3,0,0,0.0,5,1,singleton,,0,0,61.5,0,0,1
228,18.0,13.0,0,2,0,0,0.0,5,1,singleton,,0,0,36.0,0,0,1
229,18.0,25.4667,1,3,1,3,0.0,1,5,large,,0,0,54.0,0,0,1
230,35.0,83.475,0,1,1,1,1.0,2,2,small,C,0,0,35.0,0,0,1
231,29.0,7.775,0,3,0,0,0.0,5,1,singleton,,0,0,87.0,0,0,1
232,59.0,13.5,0,2,0,0,0.0,5,1,singleton,,0,0,118.0,0,0,1
233,5.0,31.3875,2,3,1,4,1.0,1,7,large,,1,0,15.0,0,0,1
234,24.0,10.5,0,2,0,0,0.0,5,1,singleton,,0,0,48.0,0,0,1
235,18.0,7.55,0,3,1,0,0.0,1,1,singleton,,0,0,54.0,0,0,1
236,44.0,26.0,0,2,0,1,0.0,5,2,small,,0,0,88.0,0,0,1
237,8.0,26.25,2,2,1,0,1.0,1,3,small,,1,0,16.0,0,0,1
238,19.0,10.5,0,2,0,0,0.0,5,1,singleton,,0,0,38.0,0,0,1
239,33.0,12.275,0,2,0,0,0.0,5,1,singleton,,0,0,66.0,0,0,1
240,18.0,14.4542,0,3,1,1,0.0,1,2,small,,0,0,54.0,1,0,0
241,18.0,15.5,0,3,1,1,1.0,1,2,small,,0,0,54.0,0,1,0
242,29.0,10.5,0,2,0,0,0.0,5,1,singleton,,0,0,58.0,0,0,1
243,22.0,7.125,0,3,0,0,0.0,5,1,singleton,,0,0,66.0,0,0,1
244,30.0,7.225,0,3,0,0,0.0,5,1,singleton,,0,0,90.0,1,0,0
245,44.0,90.0,0,1,0,2,0.0,5,3,small,C,0,0,44.0,0,1,0
246,25.0,7.775,0,3,1,0,0.0,1,1,singleton,,0,0,75.0,0,0,1
247,24.0,14.5,2,2,1,0,1.0,2,3,small,,0,1,48.0,0,0,1
248,37.0,52.5542,1,1,0,1,1.0,5,3,small,D,0,0,37.0,0,0,1
249,54.0,26.0,0,2,0,1,0.0,5,2,small,,0,0,108.0,0,0,1
250,26.0,7.25,0,3,0,0,0.0,5,1,singleton,,0,0,78.0,0,0,1
251,29.0,10.4625,1,3,1,1,0.0,2,3,small,G,0,1,87.0,0,0,1
252,62.0,26.55,0,1,0,0,0.0,5,1,singleton,C,0,0,62.0,0,0,1
253,30.0,16.1,0,3,0,1,0.0,5,2,small,,0,0,90.0,0,0,1
254,41.0,20.2125,2,3,1,0,0.0,2,3,small,,0,1,123.0,0,0,1
255,29.0,15.2458,2,3,1,0,1.0,2,3,small,,0,1,87.0,1,0,0
256,45.0,79.2,0,1,1,0,1.0,2,1,singleton,,0,0,45.0,1,0,0
257,30.0,86.5,0,1,1,0,1.0,1,1,singleton,B,0,0,30.0,0,0,1
258,35.0,512.3292,0,1,1,0,1.0,1,1,singleton,,0,0,35.0,1,0,0
259,50.0,26.0,1,2,1,0,1.0,2,2,small,,0,1,100.0,0,0,1
260,26.0,7.75,0,3,0,0,0.0,5,1,singleton,,0,0,78.0,0,1,0
261,3.0,31.3875,2,3,0,4,1.0,4,7,large,,1,0,9.0,0,0,1
262,52.0,79.65,1,1,0,1,0.0,5,3,small,E,0,0,52.0,0,0,1
263,40.0,0.0,0,1,0,0,0.0,5,1,singleton,B,0,0,40.0,0,0,1
264,18.0,7.75,0,3,1,0,0.0,1,1,singleton,,0,0,54.0,0,1,0
265,36.0,10.5,0,2,0,0,0.0,5,1,singleton,,0,0,72.0,0,0,1
266,16.0,39.6875,1,3,0,4,0.0,5,6,large,,1,0,48.0,0,0,1
267,25.0,7.775,0,3,0,1,1.0,5,2,small,,0,0,75.0,0,0,1
268,58.0,153.4625,1,1,1,0,1.0,2,2,small,C,0,1,58.0,0,0,1
269,35.0,135.6333,0,1,1,0,1.0,1,1,singleton,C,0,0,35.0,0,0,1
270,42.0,31.0,0,1,0,0,0.0,5,1,singleton,,0,0,42.0,0,0,1
271,25.0,0.0,0,3,0,0,1.0,5,1,singleton,,0,0,75.0,0,0,1
272,41.0,19.5,1,2,1,0,1.0,2,2,small,,0,1,82.0,0,0,1
273,37.0,29.7,1,1,0,0,0.0,5,2,small,C,0,0,37.0,1,0,0
274,18.0,7.75,0,3,1,0,1.0,1,1,singleton,,0,0,54.0,0,1,0
275,63.0,77.9583,0,1,1,1,1.0,1,2,small,D,0,0,63.0,0,0,1
276,45.0,7.75,0,3,1,0,0.0,1,1,singleton,,0,0,135.0,0,0,1
277,30.0,0.0,0,2,0,0,0.0,5,1,singleton,,0,0,60.0,0,0,1
278,7.0,29.125,1,3,0,4,0.0,4,6,large,,1,0,21.0,0,1,0
279,35.0,20.25,1,3,1,1,1.0,2,3,small,,0,1,105.0,0,0,1
280,65.0,7.75,0,3,0,0,0.0,5,1,singleton,,0,0,195.0,0,1,0
281,28.0,7.8542,0,3,0,0,0.0,5,1,singleton,,0,0,84.0,0,0,1
282,16.0,9.5,0,3,0,0,0.0,5,1,singleton,,1,0,48.0,0,0,1
283,19.0,8.05,0,3,0,0,1.0,5,1,singleton,,0,0,57.0,0,0,1
284,42.0,26.0,0,1,0,0,0.0,5,1,singleton,A,0,0,42.0,0,0,1
285,33.0,8.6625,0,3,0,0,0.0,5,1,singleton,,0,0,99.0,1,0,0
286,30.0,9.5,0,3,0,0,1.0,5,1,singleton,,0,0,90.0,0,0,1
287,22.0,7.8958,0,3,0,0,0.0,5,1,singleton,,0,0,66.0,0,0,1
288,42.0,13.0,0,2,0,0,1.0,5,1,singleton,,0,0,84.0,0,0,1
289,22.0,7.75,0,3,1,0,1.0,1,1,singleton,,0,0,66.0,0,1,0
290,26.0,78.85,0,1,1,0,1.0,1,1,singleton,,0,0,26.0,0,0,1
291,19.0,91.0792,0,1,1,1,1.0,2,2,small,B,0,0,19.0,1,0,0
292,36.0,12.875,0,2,0,0,0.0,5,1,singleton,D,0,0,72.0,1,0,0
293,24.0,8.85,0,3,1,0,0.0,1,1,singleton,,0,0,72.0,0,0,1
294,24.0,7.8958,0,3,0,0,0.0,5,1,singleton,,0,0,72.0,0,0,1
295,42.0,27.7208,0,1,0,0,0.0,5,1,singleton,,0,0,42.0,1,0,0
296,23.5,7.2292,0,3,0,0,0.0,5,1,singleton,,0,0,70.5,1,0,0
297,2.0,151.55,2,1,1,1,0.0,1,4,small,C,1,0,2.0,0,0,1
298,42.0,30.5,0,1,0,0,1.0,5,1,singleton,C,0,0,42.0,0,0,1
299,50.0,247.5208,1,1,1,0,1.0,2,2,small,B,0,1,50.0,1,0,0
300,18.0,7.75,0,3,1,0,1.0,1,1,singleton,,0,0,54.0,0,1,0
301,26.0,23.25,0,3,0,2,1.0,5,3,small,,0,0,78.0,0,1,0
302,19.0,0.0,0,3,0,0,0.0,5,1,singleton,,0,0,57.0,0,0,1
303,20.0,12.35,0,2,1,0,1.0,1,1,singleton,E,0,0,40.0,0,1,0
304,26.0,8.05,0,3,0,0,0.0,5,1,singleton,,0,0,78.0,0,0,1
305,0.92,151.55,2,1,0,1,1.0,4,4,small,C,1,0,0.92,0,0,1
306,30.0,110.8833,0,1,1,0,1.0,1,1,singleton,,0,0,30.0,1,0,0
307,17.0,108.9,0,1,1,1,1.0,2,2,small,C,1,0,17.0,1,0,0
308,30.0,24.0,0,2,0,1,0.0,5,2,small,,0,0,60.0,1,0,0
309,30.0,56.9292,0,1,1,0,1.0,1,1,singleton,E,0,0,30.0,1,0,0
310,24.0,83.1583,0,1,1,0,1.0,1,1,singleton,C,0,0,24.0,1,0,0
311,18.0,262.375,2,1,1,2,1.0,1,5,large,B,0,0,18.0,1,0,0
312,26.0,26.0,1,2,1,1,0.0,2,3,small,,0,1,52.0,0,0,1
313,28.0,7.8958,0,3,0,0,0.0,5,1,singleton,,0,0,84.0,0,0,1
314,43.0,26.25,1,2,0,1,0.0,5,3,small,,0,0,86.0,0,0,1
315,26.0,7.8542,0,3,1,0,1.0,1,1,singleton,,0,0,78.0,0,0,1
316,24.0,26.0,0,2,1,1,1.0,2,2,small,,0,0,48.0,0,0,1
317,54.0,14.0,0,2,0,0,0.0,5,1,singleton,,0,0,108.0,0,0,1
318,31.0,164.8667,2,1,1,0,1.0,1,3,small,C,0,1,31.0,0,0,1
319,40.0,134.5,1,1,1,1,1.0,2,3,small,E,0,1,40.0,1,0,0
320,22.0,7.25,0,3,0,0,0.0,5,1,singleton,,0,0,66.0,0,0,1
321,27.0,7.8958,0,3,0,0,0.0,5,1,singleton,,0,0,81.0,0,0,1
322,30.0,12.35,0,2,1,0,1.0,1,1,singleton,,0,0,60.0,0,1,0
323,22.0,29.0,1,2,1,1,1.0,2,3,small,,0,1,44.0,0,0,1
324,26.0,69.55,2,3,0,8,0.0,5,11,large,,0,0,78.0,0,0,1
325,36.0,135.6333,0,1,1,0,1.0,1,1,singleton,C,0,0,36.0,1,0,0
326,61.0,6.2375,0,3,0,0,0.0,5,1,singleton,,0,0,183.0,0,0,1
327,36.0,13.0,0,2,1,0,1.0,2,1,singleton,D,0,0,72.0,0,0,1
328,31.0,20.525,1,3,1,1,1.0,2,3,small,,0,1,93.0,0,0,1
329,16.0,57.9792,1,1,1,0,1.0,1,2,small,B,1,0,16.0,1,0,0
330,18.0,23.25,0,3,1,2,1.0,1,3,small,,0,0,54.0,0,1,0
331,45.5,28.5,0,1,0,0,0.0,5,1,singleton,C,0,0,45.5,0,0,1
332,38.0,153.4625,1,1,0,0,0.0,5,2,small,C,0,0,38.0,0,0,1
333,16.0,18.0,0,3,0,2,0.0,5,3,small,,1,0,48.0,0,0,1
334,45.0,133.65,0,1,1,1,1.0,2,2,small,,0,0,45.0,0,0,1
335,26.0,7.8958,0,3,0,0,0.0,5,1,singleton,,0,0,78.0,0,0,1
336,29.0,66.6,0,1,0,1,0.0,5,2,small,C,0,0,29.0,0,0,1
337,41.0,134.5,0,1,1,0,1.0,1,1,singleton,E,0,0,41.0,1,0,0
338,45.0,8.05,0,3,0,0,1.0,5,1,singleton,,0,0,135.0,0,0,1
339,45.0,35.5,0,1,0,0,0.0,5,1,singleton,T,0,0,45.0,0,0,1
340,2.0,26.0,1,2,0,1,1.0,4,3,small,F,1,0,4.0,0,0,1
341,24.0,263.0,2,1,1,3,1.0,1,6,large,C,0,1,24.0,0,0,1
342,28.0,13.0,0,2,0,0,0.0,5,1,singleton,,0,0,56.0,0,0,1
343,25.0,13.0,0,2,0,0,0.0,5,1,singleton,,0,0,50.0,0,0,1
344,36.0,13.0,0,2,0,0,0.0,5,1,singleton,,0,0,72.0,0,0,1
345,24.0,13.0,0,2,1,0,1.0,1,1,singleton,F,0,0,48.0,0,0,1
346,40.0,13.0,0,2,1,0,1.0,1,1,singleton,,0,0,80.0,0,0,1
347,31.0,16.1,0,3,1,1,1.0,2,2,small,,0,0,93.0,0,0,1
348,3.0,15.9,1,3,0,1,1.0,4,3,small,,1,0,9.0,0,0,1
349,42.0,8.6625,0,3,0,0,0.0,5,1,singleton,,0,0,126.0,0,0,1
350,23.0,9.225,0,3,0,0,0.0,5,1,singleton,,0,0,69.0,0,0,1
351,42.0,35.0,0,1,0,0,0.0,5,1,singleton,C,0,0,42.0,0,0,1
352,15.0,7.2292,1,3,0,1,0.0,5,3,small,,1,0,45.0,1,0,0
353,25.0,17.8,0,3,0,1,0.0,5,2,small,,0,0,75.0,0,0,1
354,26.0,7.225,0,3,0,0,0.0,5,1,singleton,,0,0,78.0,1,0,0
355,28.0,9.5,0,3,0,0,0.0,5,1,singleton,,0,0,84.0,0,0,1
356,22.0,55.0,1,1,1,0,1.0,1,2,small,E,0,1,22.0,0,0,1
357,38.0,13.0,0,2,1,0,0.0,1,1,singleton,,0,0,76.0,0,0,1
358,18.0,7.8792,0,3,1,0,1.0,1,1,singleton,,0,0,54.0,0,1,0
359,18.0,7.8792,0,3,1,0,1.0,1,1,singleton,,0,0,54.0,0,1,0
360,40.0,27.9,4,3,0,1,0.0,5,6,large,,0,0,120.0,0,0,1
361,29.0,27.7208,0,2,0,1,0.0,5,2,small,,0,0,58.0,1,0,0
362,45.0,14.4542,1,3,1,0,0.0,2,2,small,,0,1,135.0,1,0,0
363,35.0,7.05,0,3,0,0,0.0,5,1,singleton,,0,0,105.0,0,0,1
364,26.0,15.5,0,3,0,1,0.0,5,2,small,,0,0,78.0,0,1,0
365,30.0,7.25,0,3,0,0,0.0,5,1,singleton,,0,0,90.0,0,0,1
366,60.0,75.25,0,1,1,1,1.0,2,2,small,D,0,0,60.0,1,0,0
367,31.0,7.2292,0,3,1,0,1.0,2,1,singleton,,0,0,93.0,1,0,0
368,18.0,7.75,0,3,1,0,1.0,1,1,singleton,,0,0,54.0,0,1,0
369,24.0,69.3,0,1,1,0,1.0,5,1,singleton,B,0,0,24.0,1,0,0
370,25.0,55.4417,0,1,0,1,1.0,5,2,small,E,0,0,25.0,1,0,0
371,18.0,6.4958,0,3,0,1,0.0,5,2,small,,0,0,54.0,0,0,1
372,19.0,8.05,0,3,0,0,0.0,5,1,singleton,,0,0,57.0,0,0,1
373,22.0,135.6333,0,1,0,0,0.0,5,1,singleton,,0,0,22.0,1,0,0
374,3.0,21.075,1,3,1,3,0.0,1,5,large,,1,0,9.0,0,0,1
375,45.0,82.1708,0,1,1,1,1.0,2,2,small,,0,0,45.0,1,0,0
376,22.0,7.25,0,3,1,0,1.0,1,1,singleton,,0,0,66.0,0,0,1
377,27.0,211.5,2,1,0,0,0.0,5,3,small,C,0,0,27.0,1,0,0
378,20.0,4.0125,0,3,0,0,0.0,5,1,singleton,,0,0,60.0,1,0,0
379,19.0,7.775,0,3,0,0,0.0,5,1,singleton,,0,0,57.0,0,0,1
380,42.0,227.525,0,1,1,0,1.0,1,1,singleton,,0,0,42.0,1,0,0
381,1.0,15.7417,2,3,1,0,1.0,1,3,small,,1,0,3.0,1,0,0
382,32.0,7.925,0,3,0,0,0.0,5,1,singleton,,0,0,96.0,0,0,1
383,35.0,52.0,0,1,1,1,1.0,2,2,small,,0,0,35.0,0,0,1
384,26.0,7.8958,0,3,0,0,0.0,5,1,singleton,,0,0,78.0,0,0,1
385,18.0,73.5,0,2,0,0,0.0,5,1,singleton,,0,0,36.0,0,0,1
386,1.0,46.9,2,3,0,5,0.0,4,8,large,,1,0,3.0,0,0,1
387,36.0,13.0,0,2,1,0,1.0,1,1,singleton,,0,0,72.0,0,0,1
388,26.0,7.7292,0,3,0,0,0.0,5,1,singleton,,0,0,78.0,0,1,0
389,17.0,12.0,0,2,1,0,1.0,1,1,singleton,,1,0,34.0,1,0,0
390,36.0,120.0,2,1,0,1,1.0,5,4,small,B,0,0,36.0,0,0,1
391,21.0,7.7958,0,3,0,0,1.0,5,1,singleton,,0,0,63.0,0,0,1
392,28.0,7.925,0,3,0,2,0.0,5,3,small,,0,0,84.0,0,0,1
393,23.0,113.275,0,1,1,1,1.0,1,2,small,D,0,0,23.0,1,0,0
394,24.0,16.7,2,3,1,0,1.0,2,3,small,G,0,1,72.0,0,0,1
395,22.0,7.7958,0,3,0,0,0.0,5,1,singleton,,0,0,66.0,0,0,1
396,31.0,7.8542,0,3,1,0,0.0,1,1,singleton,,0,0,93.0,0,0,1
397,46.0,26.0,0,2,0,0,0.0,5,1,singleton,,0,0,92.0,0,0,1
398,23.0,10.5,0,2,0,0,0.0,5,1,singleton,,0,0,46.0,0,0,1
399,28.0,12.65,0,2,1,0,1.0,2,1,singleton,,0,0,56.0,0,0,1
400,39.0,7.925,0,3,0,0,1.0,5,1,singleton,,0,0,117.0,0,0,1
401,26.0,8.05,0,3,0,0,0.0,5,1,singleton,,0,0,78.0,0,0,1
402,21.0,9.825,0,3,1,1,0.0,1,2,small,,0,0,63.0,0,0,1
403,28.0,15.85,0,3,0,1,0.0,5,2,small,,0,0,84.0,0,0,1
404,20.0,8.6625,0,3,1,0,0.0,1,1,singleton,,0,0,60.0,0,0,1
405,34.0,21.0,0,2,0,1,0.0,5,2,small,,0,0,68.0,0,0,1
406,51.0,7.75,0,3,0,0,0.0,5,1,singleton,,0,0,153.0,0,0,1
407,3.0,18.75,1,2,0,1,1.0,4,3,small,,1,0,6.0,0,0,1
408,21.0,7.775,0,3,0,0,0.0,5,1,singleton,,0,0,63.0,0,0,1
409,18.0,25.4667,1,3,1,3,0.0,1,5,large,,0,0,54.0,0,0,1
410,26.0,7.8958,0,3,0,0,0.0,5,1,singleton,,0,0,78.0,0,0,1
411,26.0,6.8583,0,3,0,0,0.0,5,1,singleton,,0,0,78.0,0,1,0
412,33.0,90.0,0,1,1,1,1.0,1,2,small,C,0,0,33.0,0,1,0
413,30.0,0.0,0,2,0,0,0.0,5,1,singleton,,0,0,60.0,0,0,1
414,44.0,7.925,0,3,0,0,1.0,5,1,singleton,,0,0,132.0,0,0,1
415,31.0,8.05,0,3,1,0,0.0,2,1,singleton,,0,0,93.0,0,0,1
416,34.0,32.5,1,2,1,1,1.0,2,3,small,,0,1,68.0,0,0,1
417,18.0,13.0,2,2,1,0,1.0,1,3,small,,0,0,36.0,0,0,1
418,30.0,13.0,0,2,0,0,0.0,5,1,singleton,,0,0,60.0,0,0,1
419,10.0,24.15,2,3,1,0,0.0,1,3,small,,1,0,30.0,0,0,1
420,26.0,7.8958,0,3,0,0,0.0,5,1,singleton,,0,0,78.0,1,0,0
421,21.0,7.7333,0,3,0,0,0.0,5,1,singleton,,0,0,63.0,0,1,0
422,29.0,7.875,0,3,0,0,0.0,5,1,singleton,,0,0,87.0,0,0,1
423,28.0,14.4,1,3,1,1,0.0,2,3,small,,0,1,84.0,0,0,1
424,18.0,20.2125,1,3,0,1,0.0,5,3,small,,0,0,54.0,0,0,1
425,26.0,7.25,0,3,0,0,0.0,5,1,singleton,,0,0,78.0,0,0,1
426,28.0,26.0,0,2,1,1,1.0,2,2,small,,0,0,56.0,0,0,1
427,19.0,26.0,0,2,1,0,1.0,1,1,singleton,,0,0,38.0,0,0,1
428,26.0,7.75,0,3,0,0,0.0,5,1,singleton,,0,0,78.0,0,1,0
429,32.0,8.05,0,3,0,0,1.0,5,1,singleton,E,0,0,96.0,0,0,1
430,28.0,26.55,0,1,0,0,1.0,5,1,singleton,C,0,0,28.0,0,0,1
431,31.0,16.1,0,3,1,1,1.0,2,2,small,,0,0,93.0,0,0,1
432,42.0,26.0,0,2,1,1,1.0,2,2,small,,0,0,84.0,0,0,1
433,17.0,7.125,0,3,0,0,0.0,5,1,singleton,,1,0,51.0,0,0,1
434,50.0,55.9,0,1,0,1,0.0,5,2,small,E,0,0,50.0,0,0,1
435,14.0,120.0,2,1,1,1,1.0,1,4,small,B,1,0,14.0,0,0,1
436,21.0,34.375,2,3,1,2,0.0,1,5,large,,0,1,63.0,0,0,1
437,24.0,18.75,3,2,1,2,1.0,2,6,large,,0,1,48.0,0,0,1
438,64.0,263.0,4,1,0,1,0.0,5,6,large,C,0,0,64.0,0,0,1
439,31.0,10.5,0,2,0,0,0.0,5,1,singleton,,0,0,62.0,0,0,1
440,45.0,26.25,1,2,1,1,1.0,2,3,small,,0,1,90.0,0,0,1
441,20.0,9.5,0,3,0,0,0.0,5,1,singleton,,0,0,60.0,0,0,1
442,25.0,7.775,0,3,0,1,0.0,5,2,small,,0,0,75.0,0,0,1
443,28.0,13.0,0,2,1,0,1.0,5,1,singleton,,0,0,56.0,0,0,1
444,26.0,8.1125,0,3,0,0,1.0,5,1,singleton,,0,0,78.0,0,0,1
445,4.0,81.8583,2,1,0,0,1.0,4,3,small,A,1,0,4.0,0,0,1
446,13.0,19.5,1,2,1,0,1.0,1,2,small,,1,0,26.0,0,0,1
447,34.0,26.55,0,1,0,0,1.0,5,1,singleton,,0,0,34.0,0,0,1
448,5.0,19.2583,1,3,1,2,1.0,1,4,small,,1,0,15.0,1,0,0
449,52.0,30.5,0,1,0,0,1.0,5,1,singleton,C,0,0,52.0,0,0,1
450,36.0,27.75,2,2,0,1,0.0,5,4,small,,0,0,72.0,0,0,1
451,26.0,19.9667,0,3,0,1,0.0,5,2,small,,0,0,78.0,0,0,1
452,30.0,27.75,0,1,0,0,0.0,5,1,singleton,C,0,0,30.0,1,0,0
453,49.0,89.1042,0,1,0,1,1.0,5,2,small,C,0,0,49.0,1,0,0
454,26.0,8.05,0,3,0,0,0.0,5,1,singleton,,0,0,78.0,0,0,1
455,29.0,7.8958,0,3,0,0,1.0,5,1,singleton,,0,0,87.0,1,0,0
456,65.0,26.55,0,1,0,0,0.0,5,1,singleton,E,0,0,65.0,0,0,1
457,45.0,51.8625,0,1,1,1,1.0,2,2,small,D,0,0,45.0,0,0,1
458,50.0,10.5,0,2,1,0,1.0,1,1,singleton,,0,0,100.0,0,0,1
459,26.0,7.75,0,3,0,0,0.0,5,1,singleton,,0,0,78.0,0,1,0
460,48.0,26.55,0,1,0,0,1.0,5,1,singleton,E,0,0,48.0,0,0,1
461,34.0,8.05,0,3,0,0,0.0,5,1,singleton,,0,0,102.0,0,0,1
462,47.0,38.5,0,1,0,0,0.0,5,1,singleton,E,0,0,47.0,0,0,1
463,48.0,13.0,0,2,0,0,0.0,5,1,singleton,,0,0,96.0,0,0,1
464,26.0,8.05,0,3,0,0,0.0,5,1,singleton,,0,0,78.0,0,0,1
465,38.0,7.05,0,3,0,0,0.0,5,1,singleton,,0,0,114.0,0,0,1
466,30.0,0.0,0,2,0,0,0.0,5,1,singleton,,0,0,60.0,0,0,1
467,56.0,26.55,0,1,0,0,0.0,5,1,singleton,,0,0,56.0,0,0,1
468,26.0,7.725,0,3,0,0,0.0,5,1,singleton,,0,0,78.0,0,1,0
469,0.75,19.2583,1,3,1,2,1.0,1,4,small,,1,0,2.25,1,0,0
470,26.0,7.25,0,3,0,0,0.0,5,1,singleton,,0,0,78.0,0,0,1
471,38.0,8.6625,0,3,0,0,0.0,5,1,singleton,,0,0,114.0,0,0,1
472,33.0,27.75,2,2,1,1,1.0,2,4,small,,0,1,66.0,0,0,1
473,23.0,13.7917,0,2,1,0,1.0,2,1,singleton,D,0,0,46.0,1,0,0
474,22.0,9.8375,0,3,1,0,0.0,1,1,singleton,,0,0,66.0,0,0,1
475,42.0,52.0,0,1,0,0,0.0,5,1,singleton,A,0,0,42.0,0,0,1
476,34.0,21.0,0,2,0,1,0.0,5,2,small,,0,0,68.0,0,0,1
477,29.0,7.0458,0,3,0,1,0.0,5,2,small,,0,0,87.0,0,0,1
478,22.0,7.5208,0,3,0,0,0.0,5,1,singleton,,0,0,66.0,0,0,1
479,2.0,12.2875,1,3,1,0,1.0,1,2,small,,1,0,6.0,0,0,1
480,9.0,46.9,2,3,0,5,0.0,4,8,large,,1,0,27.0,0,0,1
481,30.0,0.0,0,2,0,0,0.0,5,1,singleton,,0,0,60.0,0,0,1
482,50.0,8.05,0,3,0,0,0.0,5,1,singleton,,0,0,150.0,0,0,1
483,63.0,9.5875,0,3,1,0,1.0,2,1,singleton,,0,0,189.0,0,0,1
484,25.0,91.0792,0,1,0,1,1.0,5,2,small,B,0,0,25.0,1,0,0
485,18.0,25.4667,1,3,1,3,0.0,1,5,large,,0,0,54.0,0,0,1
486,35.0,90.0,0,1,1,1,1.0,2,2,small,C,0,0,35.0,0,0,1
487,58.0,29.7,0,1,0,0,0.0,5,1,singleton,B,0,0,58.0,1,0,0
488,30.0,8.05,0,3,0,0,0.0,5,1,singleton,,0,0,90.0,0,0,1
489,9.0,15.9,1,3,0,1,1.0,4,3,small,,1,0,27.0,0,0,1
490,26.0,19.9667,0,3,0,1,0.0,5,2,small,,0,0,78.0,0,0,1
491,21.0,7.25,0,3,0,0,0.0,5,1,singleton,,0,0,63.0,0,0,1
492,55.0,30.5,0,1,0,0,0.0,5,1,singleton,C,0,0,55.0,0,0,1
493,71.0,49.5042,0,1,0,0,0.0,5,1,singleton,,0,0,71.0,1,0,0
494,21.0,8.05,0,3,0,0,0.0,5,1,singleton,,0,0,63.0,0,0,1
495,26.0,14.4583,0,3,0,0,0.0,5,1,singleton,,0,0,78.0,1,0,0
496,54.0,78.2667,0,1,1,1,1.0,1,2,small,D,0,0,54.0,1,0,0
497,26.0,15.1,0,3,0,0,0.0,5,1,singleton,,0,0,78.0,0,0,1
498,25.0,151.55,2,1,1,1,0.0,2,4,small,C,0,1,25.0,0,0,1
499,24.0,7.7958,0,3,0,0,0.0,5,1,singleton,,0,0,72.0,0,0,1
500,17.0,8.6625,0,3,0,0,0.0,5,1,singleton,,1,0,51.0,0,0,1
501,21.0,7.75,0,3,1,0,0.0,1,1,singleton,,0,0,63.0,0,1,0
502,18.0,7.6292,0,3,1,0,0.0,1,1,singleton,,0,0,54.0,0,1,0
503,37.0,9.5875,0,3,1,0,0.0,1,1,singleton,,0,0,111.0,0,0,1
504,16.0,86.5,0,1,1,0,1.0,1,1,singleton,B,1,0,16.0,0,0,1
505,18.0,108.9,0,1,0,1,0.0,5,2,small,C,0,0,18.0,1,0,0
506,33.0,26.0,2,2,1,0,1.0,2,3,small,,0,1,66.0,0,0,1
507,42.0,26.55,0,1,0,0,1.0,5,1,singleton,,0,0,42.0,0,0,1
508,28.0,22.525,0,3,0,0,0.0,5,1,singleton,,0,0,84.0,0,0,1
509,26.0,56.4958,0,3,0,0,1.0,5,1,singleton,,0,0,78.0,0,0,1
510,29.0,7.75,0,3,0,0,1.0,5,1,singleton,,0,0,87.0,0,1,0
511,26.0,8.05,0,3,0,0,0.0,5,1,singleton,,0,0,78.0,0,0,1
512,36.0,26.2875,0,1,0,0,1.0,5,1,singleton,E,0,0,36.0,0,0,1
513,54.0,59.4,0,1,1,1,1.0,2,2,small,,0,0,54.0,1,0,0
514,24.0,7.4958,0,3,0,0,0.0,5,1,singleton,,0,0,72.0,0,0,1
515,47.0,34.0208,0,1,0,0,0.0,5,1,singleton,D,0,0,47.0,0,0,1
516,34.0,10.5,0,2,1,0,1.0,2,1,singleton,F,0,0,68.0,0,0,1
517,26.0,24.15,0,3,0,0,0.0,5,1,singleton,,0,0,78.0,0,1,0
518,36.0,26.0,0,2,1,1,1.0,2,2,small,,0,0,72.0,0,0,1
519,32.0,7.8958,0,3,0,0,0.0,5,1,singleton,,0,0,96.0,0,0,1
520,30.0,93.5,0,1,1,0,1.0,1,1,singleton,B,0,0,30.0,0,0,1
521,22.0,7.8958,0,3,0,0,0.0,5,1,singleton,,0,0,66.0,0,0,1
522,26.0,7.225,0,3,0,0,0.0,5,1,singleton,,0,0,78.0,1,0,0
523,44.0,57.9792,1,1,1,0,1.0,2,2,small,B,0,1,44.0,1,0,0
524,26.0,7.2292,0,3,0,0,0.0,5,1,singleton,,0,0,78.0,1,0,0
525,40.5,7.75,0,3,0,0,0.0,5,1,singleton,,0,0,121.5,0,1,0
526,50.0,10.5,0,2,1,0,1.0,1,1,singleton,,0,0,100.0,0,0,1
527,42.0,221.7792,0,1,0,0,0.0,5,1,singleton,C,0,0,42.0,0,0,1
528,39.0,7.925,0,3,0,0,0.0,5,1,singleton,,0,0,117.0,0,0,1
529,23.0,11.5,1,2,0,2,0.0,5,4,small,,0,0,46.0,0,0,1
530,2.0,26.0,1,2,1,1,1.0,1,3,small,,1,0,4.0,0,0,1
531,26.0,7.2292,0,3,0,0,0.0,5,1,singleton,,0,0,78.0,1,0,0
532,17.0,7.2292,1,3,0,1,0.0,5,3,small,,1,0,51.0,1,0,0
533,31.0,22.3583,2,3,1,0,1.0,2,3,small,,0,1,93.0,1,0,0
534,30.0,8.6625,0,3,1,0,0.0,1,1,singleton,,0,0,90.0,0,0,1
535,7.0,26.25,2,2,1,0,1.0,1,3,small,,1,0,14.0,0,0,1
536,45.0,26.55,0,1,0,0,0.0,5,1,singleton,B,0,0,45.0,0,0,1
537,30.0,106.425,0,1,1,0,1.0,1,1,singleton,,0,0,30.0,1,0,0
538,26.0,14.5,0,3,0,0,0.0,5,1,singleton,,0,0,78.0,0,0,1
539,22.0,49.5,2,1,1,0,1.0,1,3,small,B,0,1,22.0,1,0,0
540,36.0,71.0,2,1,1,0,1.0,1,3,small,B,0,1,36.0,0,0,1
541,9.0,31.275,2,3,1,4,0.0,1,7,large,,1,0,27.0,0,0,1
542,11.0,31.275,2,3,1,4,0.0,1,7,large,,1,0,33.0,0,0,1
543,32.0,26.0,0,2,0,1,1.0,5,2,small,,0,0,64.0,0,0,1
544,50.0,106.425,0,1,0,1,0.0,5,2,small,C,0,0,50.0,1,0,0
545,64.0,26.0,0,1,0,0,0.0,5,1,singleton,,0,0,64.0,0,0,1
546,19.0,26.0,0,2,1,1,1.0,2,2,small,,0,0,38.0,0,0,1
547,30.0,13.8625,0,2,0,0,1.0,5,1,singleton,,0,0,60.0,1,0,0
548,33.0,20.525,1,3,0,1,0.0,5,3,small,,0,0,99.0,0,0,1
549,8.0,36.75,1,2,0,1,1.0,4,3,small,,1,0,16.0,0,0,1
550,17.0,110.8833,2,1,0,0,1.0,5,3,small,C,1,0,17.0,1,0,0
551,27.0,26.0,0,2,0,0,0.0,5,1,singleton,,0,0,54.0,0,0,1
552,26.0,7.8292,0,3,0,0,0.0,5,1,singleton,,0,0,78.0,0,1,0
553,22.0,7.225,0,3,0,0,1.0,5,1,singleton,,0,0,66.0,1,0,0
554,22.0,7.775,0,3,1,0,1.0,1,1,singleton,,0,0,66.0,0,0,1
555,62.0,26.55,0,1,0,0,0.0,5,1,singleton,,0,0,62.0,0,0,1
556,48.0,39.6,0,1,1,1,1.0,5,2,small,A,0,0,48.0,1,0,0
557,42.0,227.525,0,1,0,0,0.0,5,1,singleton,,0,0,42.0,1,0,0
558,39.0,79.65,1,1,1,1,1.0,2,3,small,E,0,1,39.0,0,0,1
559,36.0,17.4,0,3,1,1,1.0,2,2,small,,0,0,108.0,0,0,1
560,26.0,7.75,0,3,0,0,0.0,5,1,singleton,,0,0,78.0,0,1,0
561,40.0,7.8958,0,3,0,0,0.0,5,1,singleton,,0,0,120.0,0,0,1
562,28.0,13.5,0,2,0,0,0.0,5,1,singleton,,0,0,56.0,0,0,1
563,26.0,8.05,0,3,0,0,0.0,5,1,singleton,,0,0,78.0,0,0,1
564,18.0,8.05,0,3,1,0,0.0,1,1,singleton,,0,0,54.0,0,0,1
565,24.0,24.15,0,3,0,2,0.0,5,3,small,,0,0,72.0,0,0,1
566,19.0,7.8958,0,3,0,0,0.0,5,1,singleton,,0,0,57.0,0,0,1
567,29.0,21.075,4,3,1,0,0.0,2,5,large,,0,1,87.0,0,0,1
568,26.0,7.2292,0,3,0,0,0.0,5,1,singleton,,0,0,78.0,1,0,0
569,32.0,7.8542,0,3,0,0,1.0,5,1,singleton,,0,0,96.0,0,0,1
570,62.0,10.5,0,2,0,0,1.0,5,1,singleton,,0,0,124.0,0,0,1
571,53.0,51.4792,0,1,1,2,1.0,2,3,small,C,0,0,53.0,0,0,1
572,36.0,26.3875,0,1,0,0,1.0,5,1,singleton,E,0,0,36.0,0,0,1
573,18.0,7.75,0,3,1,0,1.0,1,1,singleton,,0,0,54.0,0,1,0
574,16.0,8.05,0,3,0,0,0.0,5,1,singleton,,1,0,48.0,0,0,1
575,19.0,14.5,0,3,0,0,0.0,5,1,singleton,,0,0,57.0,0,0,1
576,34.0,13.0,0,2,1,0,1.0,1,1,singleton,,0,0,68.0,0,0,1
577,39.0,55.9,0,1,1,1,1.0,2,2,small,E,0,0,39.0,0,0,1
578,31.0,14.4583,0,3,1,1,0.0,2,2,small,,0,0,93.0,1,0,0
579,32.0,7.925,0,3,0,0,1.0,5,1,singleton,,0,0,96.0,0,0,1
580,25.0,30.0,1,2,1,1,1.0,1,3,small,,0,1,50.0,0,0,1
581,39.0,110.8833,1,1,1,1,1.0,2,3,small,C,0,1,39.0,1,0,0
582,54.0,26.0,0,2,0,0,0.0,5,1,singleton,,0,0,108.0,0,0,1
583,36.0,40.125,0,1,0,0,0.0,5,1,singleton,A,0,0,36.0,1,0,0
584,26.0,8.7125,0,3,0,0,0.0,5,1,singleton,,0,0,78.0,1,0,0
585,18.0,79.65,2,1,1,0,1.0,1,3,small,E,0,0,18.0,0,0,1
586,47.0,15.0,0,2,0,0,0.0,5,1,singleton,,0,0,94.0,0,0,1
587,60.0,79.2,1,1,0,1,1.0,5,3,small,B,0,0,60.0,1,0,0
588,22.0,8.05,0,3,0,0,0.0,5,1,singleton,,0,0,66.0,0,0,1
589,26.0,8.05,0,3,0,0,0.0,5,1,singleton,,0,0,78.0,0,0,1
590,35.0,7.125,0,3,0,0,0.0,5,1,singleton,,0,0,105.0,0,0,1
591,52.0,78.2667,0,1,1,1,1.0,2,2,small,D,0,0,52.0,1,0,0
592,47.0,7.25,0,3,0,0,0.0,5,1,singleton,,0,0,141.0,0,0,1
593,18.0,7.75,2,3,1,0,0.0,1,3,small,,0,0,54.0,0,1,0
594,37.0,26.0,0,2,0,1,0.0,5,2,small,,0,0,74.0,0,0,1
595,36.0,24.15,1,3,0,1,0.0,5,3,small,,0,0,108.0,0,0,1
596,20.0,33.0,0,2,1,0,1.0,1,1,singleton,,0,0,40.0,0,0,1
597,49.0,0.0,0,3,0,0,0.0,5,1,singleton,,0,0,147.0,0,0,1
598,26.0,7.225,0,3,0,0,0.0,5,1,singleton,,0,0,78.0,1,0,0
599,49.0,56.9292,0,1,0,1,1.0,5,2,small,A,0,0,49.0,1,0,0
600,24.0,27.0,1,2,1,2,1.0,2,4,small,,0,1,48.0,0,0,1
601,26.0,7.8958,0,3,0,0,0.0,5,1,singleton,,0,0,78.0,0,0,1
602,42.0,42.4,0,1,0,0,0.0,5,1,singleton,,0,0,42.0,0,0,1
603,44.0,8.05,0,3,0,0,0.0,5,1,singleton,,0,0,132.0,0,0,1
604,35.0,26.55,0,1,0,0,1.0,5,1,singleton,,0,0,35.0,1,0,0
605,36.0,15.55,0,3,0,1,0.0,5,2,small,,0,0,108.0,0,0,1
606,30.0,7.8958,0,3,0,0,0.0,5,1,singleton,,0,0,90.0,0,0,1
607,27.0,30.5,0,1,0,0,1.0,5,1,singleton,,0,0,27.0,0,0,1
608,22.0,41.5792,2,2,1,1,1.0,2,4,small,,0,1,44.0,1,0,0
609,40.0,153.4625,0,1,1,0,1.0,1,1,singleton,C,0,0,40.0,0,0,1
610,39.0,31.275,5,3,1,1,0.0,2,7,large,,0,1,117.0,0,0,1
611,26.0,7.05,0,3,0,0,0.0,5,1,singleton,,0,0,78.0,0,0,1
612,18.0,15.5,0,3,1,1,1.0,1,2,small,,0,0,54.0,0,1,0
613,26.0,7.75,0,3,0,0,0.0,5,1,singleton,,0,0,78.0,0,1,0
614,35.0,8.05,0,3,0,0,0.0,5,1,singleton,,0,0,105.0,0,0,1
615,24.0,65.0,2,2,1,1,1.0,1,4,small,,0,1,48.0,0,0,1
616,34.0,14.4,1,3,0,1,0.0,5,3,small,,0,0,102.0,0,0,1
617,26.0,16.1,0,3,1,1,0.0,2,2,small,,0,0,78.0,0,0,1
618,4.0,39.0,1,2,1,2,1.0,1,4,small,F,1,0,8.0,0,0,1
619,26.0,10.5,0,2,0,0,0.0,5,1,singleton,,0,0,52.0,0,0,1
620,27.0,14.4542,0,3,0,1,0.0,5,2,small,,0,0,81.0,1,0,0
621,42.0,52.5542,0,1,0,1,1.0,5,2,small,D,0,0,42.0,0,0,1
622,20.0,15.7417,1,3,0,1,1.0,5,3,small,,0,0,60.0,1,0,0
623,21.0,7.8542,0,3,0,0,0.0,5,1,singleton,,0,0,63.0,0,0,1
624,21.0,16.1,0,3,0,0,0.0,5,1,singleton,,0,0,63.0,0,0,1
625,61.0,32.3208,0,1,0,0,0.0,5,1,singleton,D,0,0,61.0,0,0,1
626,57.0,12.35,0,2,0,0,0.0,5,1,singleton,,0,0,114.0,0,1,0
627,21.0,77.9583,0,1,1,0,1.0,1,1,singleton,D,0,0,21.0,0,0,1
628,26.0,7.8958,0,3,0,0,0.0,5,1,singleton,,0,0,78.0,0,0,1
629,26.0,7.7333,0,3,0,0,0.0,5,1,singleton,,0,0,78.0,0,1,0
630,80.0,30.0,0,1,0,0,1.0,5,1,singleton,A,0,0,80.0,0,0,1
631,51.0,7.0542,0,3,0,0,0.0,5,1,singleton,,0,0,153.0,0,0,1
632,32.0,30.5,0,1,0,0,1.0,5,1,singleton,B,0,0,32.0,1,0,0
633,42.0,0.0,0,1,0,0,0.0,5,1,singleton,,0,0,42.0,0,0,1
634,9.0,27.9,2,3,1,3,0.0,1,6,large,,1,0,27.0,0,0,1
635,28.0,13.0,0,2,1,0,1.0,1,1,singleton,,0,0,56.0,0,0,1
636,32.0,7.925,0,3,0,0,0.0,5,1,singleton,,0,0,96.0,0,0,1
637,31.0,26.25,1,2,0,1,0.0,5,3,small,,0,0,62.0,0,0,1
638,41.0,39.6875,5,3,1,0,0.0,2,6,large,,0,1,123.0,0,0,1
639,26.0,16.1,0,3,0,1,0.0,5,2,small,,0,0,78.0,0,0,1
640,20.0,7.8542,0,3,0,0,0.0,5,1,singleton,,0,0,60.0,0,0,1
641,24.0,69.3,0,1,1,0,1.0,5,1,singleton,B,0,0,24.0,1,0,0
642,2.0,27.9,2,3,1,3,0.0,1,6,large,,1,0,6.0,0,0,1
643,26.0,56.4958,0,3,0,0,1.0,5,1,singleton,,0,0,78.0,0,0,1
644,0.75,19.2583,1,3,1,2,1.0,1,4,small,,1,0,2.25,1,0,0
645,48.0,76.7292,0,1,0,1,1.0,5,2,small,D,0,0,48.0,1,0,0
646,19.0,7.8958,0,3,0,0,0.0,5,1,singleton,,0,0,57.0,0,0,1
647,56.0,35.5,0,1,0,0,1.0,5,1,singleton,A,0,0,56.0,1,0,0
648,26.0,7.55,0,3,0,0,0.0,5,1,singleton,,0,0,78.0,0,0,1
649,23.0,7.55,0,3,1,0,1.0,1,1,singleton,,0,0,69.0,0,0,1
650,26.0,7.8958,0,3,0,0,0.0,5,1,singleton,,0,0,78.0,0,0,1
651,18.0,23.0,1,2,1,0,1.0,1,2,small,,0,0,36.0,0,0,1
652,21.0,8.4333,0,3,0,0,0.0,5,1,singleton,,0,0,63.0,0,0,1
653,18.0,7.8292,0,3,1,0,1.0,1,1,singleton,,0,0,54.0,0,1,0
654,18.0,6.75,0,3,1,0,0.0,1,1,singleton,,0,0,54.0,0,1,0
655,24.0,73.5,0,2,0,2,0.0,5,3,small,,0,0,48.0,0,0,1
656,26.0,7.8958,0,3,0,0,0.0,5,1,singleton,,0,0,78.0,0,0,1
657,32.0,15.5,1,3,1,1,0.0,2,3,small,,0,1,96.0,0,1,0
658,23.0,13.0,0,2,0,0,0.0,5,1,singleton,,0,0,46.0,0,0,1
659,58.0,113.275,2,1,0,0,0.0,5,3,small,D,0,0,58.0,1,0,0
660,50.0,133.65,0,1,0,2,1.0,5,3,small,,0,0,50.0,0,0,1
661,40.0,7.225,0,3,0,0,0.0,5,1,singleton,,0,0,120.0,1,0,0
662,47.0,25.5875,0,1,0,0,0.0,5,1,singleton,E,0,0,47.0,0,0,1
663,36.0,7.4958,0,3,0,0,0.0,5,1,singleton,,0,0,108.0,0,0,1
664,20.0,7.925,0,3,0,1,1.0,5,2,small,,0,0,60.0,0,0,1
665,32.0,73.5,0,2,0,2,0.0,5,3,small,,0,0,64.0,0,0,1
666,25.0,13.0,0,2,0,0,0.0,5,1,singleton,,0,0,50.0,0,0,1
667,26.0,7.775,0,3,0,0,0.0,5,1,singleton,,0,0,78.0,0,0,1
668,43.0,8.05,0,3,0,0,0.0,5,1,singleton,,0,0,129.0,0,0,1
669,45.0,52.0,0,1,1,1,1.0,2,2,small,C,0,0,45.0,0,0,1
670,40.0,39.0,1,2,1,1,1.0,2,3,small,,0,1,80.0,0,0,1
671,31.0,52.0,0,1,0,1,0.0,5,2,small,B,0,0,31.0,0,0,1
672,70.0,10.5,0,2,0,0,0.0,5,1,singleton,,0,0,140.0,0,0,1
673,31.0,13.0,0,2,0,0,1.0,5,1,singleton,,0,0,62.0,0,0,1
674,30.0,0.0,0,2,0,0,0.0,5,1,singleton,,0,0,60.0,0,0,1
675,18.0,7.775,0,3,0,0,0.0,5,1,singleton,,0,0,54.0,0,0,1
676,24.5,8.05,0,3,0,0,0.0,5,1,singleton,,0,0,73.5,0,0,1
677,18.0,9.8417,0,3,1,0,1.0,1,1,singleton,,0,0,54.0,0,0,1
678,43.0,46.9,6,3,1,1,0.0,2,8,large,,0,1,129.0,0,0,1
679,36.0,512.3292,1,1,0,0,1.0,5,2,small,B,0,0,36.0,1,0,0
680,18.0,8.1375,0,3,1,0,0.0,1,1,singleton,,0,0,54.0,0,1,0
681,27.0,76.7292,0,1,0,0,1.0,5,1,singleton,D,0,0,27.0,1,0,0
682,20.0,9.225,0,3,0,0,0.0,5,1,singleton,,0,0,60.0,0,0,1
683,14.0,46.9,2,3,0,5,0.0,5,8,large,,1,0,42.0,0,0,1
684,60.0,39.0,1,2,0,1,0.0,5,3,small,,0,0,120.0,0,0,1
685,25.0,41.5792,2,2,0,1,0.0,5,4,small,,0,0,50.0,1,0,0
686,14.0,39.6875,1,3,0,4,0.0,5,6,large,,1,0,42.0,0,0,1
687,19.0,10.1708,0,3,0,0,0.0,5,1,singleton,,0,0,57.0,0,0,1
688,18.0,7.7958,0,3,0,0,0.0,5,1,singleton,,0,0,54.0,0,0,1
689,15.0,211.3375,1,1,1,0,1.0,1,2,small,B,1,0,15.0,0,0,1
690,31.0,57.0,0,1,0,1,1.0,5,2,small,B,0,0,31.0,0,0,1
691,4.0,13.4167,1,3,1,0,1.0,1,2,small,,1,0,12.0,1,0,0
692,26.0,56.4958,0,3,0,0,1.0,5,1,singleton,,0,0,78.0,0,0,1
693,25.0,7.225,0,3,0,0,0.0,5,1,singleton,,0,0,75.0,1,0,0
694,60.0,26.55,0,1,0,0,0.0,5,1,singleton,,0,0,60.0,0,0,1
695,52.0,13.5,0,2,0,0,0.0,5,1,singleton,,0,0,104.0,0,0,1
696,44.0,8.05,0,3,0,0,0.0,5,1,singleton,,0,0,132.0,0,0,1
697,18.0,7.7333,0,3,1,0,1.0,1,1,singleton,,0,0,54.0,0,1,0
698,49.0,110.8833,1,1,0,1,0.0,5,3,small,C,0,0,49.0,1,0,0
699,42.0,7.65,0,3,0,0,0.0,5,1,singleton,F,0,0,126.0,0,0,1
700,18.0,227.525,0,1,1,1,1.0,2,2,small,C,0,0,18.0,1,0,0
701,35.0,26.2875,0,1,0,0,1.0,5,1,singleton,E,0,0,35.0,0,0,1
702,18.0,14.4542,1,3,1,0,0.0,1,2,small,,0,0,54.0,1,0,0
703,25.0,7.7417,0,3,0,0,0.0,5,1,singleton,,0,0,75.0,0,1,0
704,26.0,7.8542,0,3,0,1,0.0,5,2,small,,0,0,78.0,0,0,1
705,39.0,26.0,0,2,0,0,0.0,5,1,singleton,,0,0,78.0,0,0,1
706,45.0,13.5,0,2,1,0,1.0,2,1,singleton,,0,0,90.0,0,0,1
707,42.0,26.2875,0,1,0,0,1.0,5,1,singleton,E,0,0,42.0,0,0,1
708,22.0,151.55,0,1,1,0,1.0,1,1,singleton,,0,0,22.0,0,0,1
709,6.0,15.2458,1,3,0,1,1.0,4,3,small,,1,0,18.0,1,0,0
710,24.0,49.5042,0,1,1,0,1.0,5,1,singleton,C,0,0,24.0,1,0,0
711,42.0,26.55,0,1,0,0,0.0,5,1,singleton,C,0,0,42.0,0,0,1
712,48.0,52.0,0,1,0,1,1.0,5,2,small,C,0,0,48.0,0,0,1
713,29.0,9.4833,0,3,0,0,0.0,5,1,singleton,,0,0,87.0,0,0,1
714,52.0,13.0,0,2,0,0,0.0,5,1,singleton,,0,0,104.0,0,0,1
715,19.0,7.65,0,3,0,0,0.0,5,1,singleton,F,0,0,57.0,0,0,1
716,38.0,227.525,0,1,1,0,1.0,1,1,singleton,C,0,0,38.0,1,0,0
717,27.0,10.5,0,2,1,0,1.0,1,1,singleton,E,0,0,54.0,0,0,1
718,26.0,15.5,0,3,0,0,0.0,5,1,singleton,,0,0,78.0,0,1,0
719,33.0,7.775,0,3,0,0,0.0,5,1,singleton,,0,0,99.0,0,0,1
720,6.0,33.0,1,2,1,0,1.0,1,2,small,,1,0,12.0,0,0,1
721,17.0,7.0542,0,3,0,1,0.0,5,2,small,,1,0,51.0,0,0,1
722,34.0,13.0,0,2,0,0,0.0,5,1,singleton,,0,0,68.0,0,0,1
723,50.0,13.0,0,2,0,0,0.0,5,1,singleton,,0,0,100.0,0,0,1
724,27.0,53.1,0,1,0,1,1.0,5,2,small,E,0,0,27.0,0,0,1
725,20.0,8.6625,0,3,0,0,0.0,5,1,singleton,,0,0,60.0,0,0,1
726,30.0,21.0,0,2,1,3,1.0,2,4,small,,0,0,60.0,0,0,1
727,18.0,7.7375,0,3,1,0,1.0,1,1,singleton,,0,0,54.0,0,1,0
728,25.0,26.0,0,2,0,1,0.0,5,2,small,,0,0,50.0,0,0,1
729,25.0,7.925,0,3,1,1,0.0,1,2,small,,0,0,75.0,0,0,1
730,29.0,211.3375,0,1,1,0,1.0,1,1,singleton,B,0,0,29.0,0,0,1
731,11.0,18.7875,0,3,0,0,0.0,5,1,singleton,,1,0,33.0,1,0,0
732,30.0,0.0,0,2,0,0,0.0,5,1,singleton,,0,0,60.0,0,0,1
733,23.0,13.0,0,2,0,0,0.0,5,1,singleton,,0,0,46.0,0,0,1
734,23.0,13.0,0,2,0,0,0.0,5,1,singleton,,0,0,46.0,0,0,1
735,28.5,16.1,0,3,0,0,0.0,5,1,singleton,,0,0,85.5,0,0,1
736,48.0,34.375,3,3,1,1,0.0,2,5,large,,0,1,144.0,0,0,1
737,35.0,512.3292,0,1,0,0,1.0,5,1,singleton,B,0,0,35.0,1,0,0
738,26.0,7.8958,0,3,0,0,0.0,5,1,singleton,,0,0,78.0,0,0,1
739,26.0,7.8958,0,3,0,0,0.0,5,1,singleton,,0,0,78.0,0,0,1
740,42.0,30.0,0,1,0,0,1.0,5,1,singleton,D,0,0,42.0,0,0,1
741,36.0,78.85,0,1,0,1,0.0,5,2,small,C,0,0,36.0,0,0,1
742,21.0,262.375,2,1,1,2,1.0,1,5,large,B,0,1,21.0,1,0,0
743,24.0,16.1,0,3,0,1,0.0,5,2,small,,0,0,72.0,0,0,1
744,31.0,7.925,0,3,0,0,1.0,5,1,singleton,,0,0,93.0,0,0,1
745,70.0,71.0,1,1,0,1,0.0,5,3,small,B,0,0,70.0,0,0,1
746,16.0,20.25,1,3,0,1,0.0,5,3,small,,1,0,48.0,0,0,1
747,30.0,13.0,0,2,1,0,1.0,1,1,singleton,,0,0,60.0,0,0,1
748,19.0,53.1,0,1,0,1,0.0,5,2,small,D,0,0,19.0,0,0,1
749,31.0,7.75,0,3,0,0,0.0,5,1,singleton,,0,0,93.0,0,1,0
750,4.0,23.0,1,2,1,1,1.0,1,3,small,,1,0,8.0,0,0,1
751,6.0,12.475,1,3,0,0,1.0,4,2,small,E,1,0,18.0,0,0,1
752,33.0,9.5,0,3,0,0,0.0,5,1,singleton,,0,0,99.0,0,0,1
753,23.0,7.8958,0,3,0,0,0.0,5,1,singleton,,0,0,69.0,0,0,1
754,48.0,65.0,2,2,1,1,1.0,2,4,small,,0,1,96.0,0,0,1
755,0.67,14.5,1,2,0,1,1.0,4,3,small,,1,0,1.34,0,0,1
756,28.0,7.7958,0,3,0,0,0.0,5,1,singleton,,0,0,84.0,0,0,1
757,18.0,11.5,0,2,0,0,0.0,5,1,singleton,,0,0,36.0,0,0,1
758,34.0,8.05,0,3,0,0,0.0,5,1,singleton,,0,0,102.0,0,0,1
759,33.0,86.5,0,1,1,0,1.0,5,1,singleton,B,0,0,33.0,0,0,1
760,26.0,14.5,0,3,0,0,0.0,5,1,singleton,,0,0,78.0,0,0,1
761,41.0,7.125,0,3,0,0,0.0,5,1,singleton,,0,0,123.0,0,0,1
762,20.0,7.2292,0,3,0,0,1.0,5,1,singleton,,0,0,60.0,1,0,0
763,36.0,120.0,2,1,1,1,1.0,2,4,small,B,0,1,36.0,0,0,1
764,16.0,7.775,0,3,0,0,0.0,5,1,singleton,,1,0,48.0,0,0,1
765,51.0,77.9583,0,1,1,1,1.0,2,2,small,D,0,0,51.0,0,0,1
766,42.0,39.6,0,1,0,0,0.0,5,1,singleton,,0,0,42.0,1,0,0
767,30.5,7.75,0,3,1,0,0.0,1,1,singleton,,0,0,91.5,0,1,0
768,26.0,24.15,0,3,0,1,0.0,5,2,small,,0,0,78.0,0,1,0
769,32.0,8.3625,0,3,0,0,0.0,5,1,singleton,,0,0,96.0,0,0,1
770,24.0,9.5,0,3,0,0,0.0,5,1,singleton,,0,0,72.0,0,0,1
771,48.0,7.8542,0,3,0,0,0.0,5,1,singleton,,0,0,144.0,0,0,1
772,57.0,10.5,0,2,1,0,0.0,2,1,singleton,E,0,0,114.0,0,0,1
773,26.0,7.225,0,3,0,0,0.0,5,1,singleton,,0,0,78.0,1,0,0
774,54.0,23.0,3,2,1,1,1.0,2,5,large,,0,1,108.0,0,0,1
775,18.0,7.75,0,3,0,0,0.0,5,1,singleton,,0,0,54.0,0,0,1
776,26.0,7.75,0,3,0,0,0.0,5,1,singleton,F,0,0,78.0,0,1,0
777,5.0,12.475,0,3,1,0,1.0,1,1,singleton,,1,0,15.0,0,0,1
778,26.0,7.7375,0,3,0,0,0.0,5,1,singleton,,0,0,78.0,0,1,0
779,43.0,211.3375,1,1,1,0,1.0,2,2,small,B,0,1,43.0,0,0,1
780,13.0,7.2292,0,3,1,0,1.0,1,1,singleton,,1,0,39.0,1,0,0
781,17.0,57.0,0,1,1,1,1.0,2,2,small,B,1,0,17.0,0,0,1
782,29.0,30.0,0,1,0,0,0.0,5,1,singleton,D,0,0,29.0,0,0,1
783,26.0,23.45,2,3,0,1,0.0,5,4,small,,0,0,78.0,0,0,1
784,25.0,7.05,0,3,0,0,0.0,5,1,singleton,,0,0,75.0,0,0,1
785,25.0,7.25,0,3,0,0,0.0,5,1,singleton,,0,0,75.0,0,0,1
786,18.0,7.4958,0,3,1,0,1.0,1,1,singleton,,0,0,54.0,0,0,1
787,8.0,29.125,1,3,0,4,0.0,4,6,large,,1,0,24.0,0,1,0
788,1.0,20.575,2,3,0,1,1.0,4,4,small,,1,0,3.0,0,0,1
789,46.0,79.2,0,1,0,0,0.0,5,1,singleton,B,0,0,46.0,1,0,0
790,26.0,7.75,0,3,0,0,0.0,5,1,singleton,,0,0,78.0,0,1,0
791,16.0,26.0,0,2,0,0,0.0,5,1,singleton,,1,0,32.0,0,0,1
792,18.0,69.55,2,3,1,8,0.0,1,11,large,,0,0,54.0,0,0,1
793,42.0,30.6958,0,1,0,0,0.0,5,1,singleton,,0,0,42.0,1,0,0
794,25.0,7.8958,0,3,0,0,0.0,5,1,singleton,,0,0,75.0,0,0,1
795,39.0,13.0,0,2,0,0,0.0,5,1,singleton,,0,0,78.0,0,0,1
796,49.0,25.9292,0,1,1,0,1.0,5,1,singleton,D,0,0,49.0,0,0,1
797,31.0,8.6833,0,3,1,0,1.0,2,1,singleton,,0,0,93.0,0,0,1
798,30.0,7.2292,0,3,0,0,0.0,5,1,singleton,,0,0,90.0,1,0,0
799,30.0,24.15,1,3,1,1,0.0,2,3,small,,0,1,90.0,0,0,1
800,34.0,13.0,0,2,0,0,0.0,5,1,singleton,,0,0,68.0,0,0,1
801,31.0,26.25,1,2,1,1,1.0,2,3,small,,0,1,62.0,0,0,1
802,11.0,120.0,2,1,0,1,1.0,4,4,small,B,1,0,11.0,0,0,1
803,0.42,8.5167,1,3,0,0,1.0,4,2,small,,1,0,1.26,1,0,0
804,27.0,6.975,0,3,0,0,1.0,5,1,singleton,,0,0,81.0,0,0,1
805,31.0,7.775,0,3,0,0,0.0,5,1,singleton,,0,0,93.0,0,0,1
806,39.0,0.0,0,1,0,0,0.0,5,1,singleton,A,0,0,39.0,0,0,1
807,18.0,7.775,0,3,1,0,0.0,1,1,singleton,,0,0,54.0,0,0,1
808,39.0,13.0,0,2,0,0,0.0,5,1,singleton,,0,0,78.0,0,0,1
809,33.0,53.1,0,1,1,1,1.0,2,2,small,E,0,0,33.0,0,0,1
810,26.0,7.8875,0,3,0,0,0.0,5,1,singleton,,0,0,78.0,0,0,1
811,39.0,24.15,0,3,0,0,0.0,5,1,singleton,,0,0,117.0,0,0,1
812,35.0,10.5,0,2,0,0,0.0,5,1,singleton,,0,0,70.0,0,0,1
813,6.0,31.275,2,3,1,4,0.0,1,7,large,,1,0,18.0,0,0,1
814,30.5,8.05,0,3,0,0,0.0,5,1,singleton,,0,0,91.5,0,0,1
815,42.0,0.0,0,1,0,0,0.0,5,1,singleton,B,0,0,42.0,0,0,1
816,23.0,7.925,0,3,1,0,0.0,1,1,singleton,,0,0,69.0,0,0,1
817,31.0,37.0042,1,2,0,1,0.0,5,3,small,,0,0,62.0,1,0,0
818,43.0,6.45,0,3,0,0,0.0,5,1,singleton,,0,0,129.0,0,0,1
819,10.0,27.9,2,3,0,3,0.0,4,6,large,,1,0,30.0,0,0,1
820,52.0,93.5,1,1,1,1,1.0,2,3,small,B,0,1,52.0,0,0,1
821,27.0,8.6625,0,3,0,0,1.0,5,1,singleton,,0,0,81.0,0,0,1
822,38.0,0.0,0,1,0,0,0.0,5,1,singleton,,0,0,38.0,0,0,1
823,27.0,12.475,1,3,1,0,1.0,2,2,small,E,0,1,81.0,0,0,1
824,2.0,39.6875,1,3,0,4,0.0,4,6,large,,1,0,6.0,0,0,1
825,26.0,6.95,0,3,0,0,0.0,5,1,singleton,,0,0,78.0,0,1,0
826,26.0,56.4958,0,3,0,0,0.0,5,1,singleton,,0,0,78.0,0,0,1
827,1.0,37.0042,2,2,0,0,1.0,4,3,small,,1,0,2.0,1,0,0
828,26.0,7.75,0,3,0,0,1.0,5,1,singleton,,0,0,78.0,0,1,0
829,62.0,80.0,0,1,1,0,1.0,2,1,singleton,B,0,0,62.0,1,0,0
830,15.0,14.4542,0,3,1,1,1.0,2,2,small,,1,0,45.0,1,0,0
831,0.83,18.75,1,2,0,1,1.0,4,3,small,,1,0,1.66,0,0,1
832,26.0,7.2292,0,3,0,0,0.0,5,1,singleton,,0,0,78.0,1,0,0
833,23.0,7.8542,0,3,0,0,0.0,5,1,singleton,,0,0,69.0,0,0,1
834,18.0,8.3,0,3,0,0,0.0,5,1,singleton,,0,0,54.0,0,0,1
835,39.0,83.1583,1,1,1,1,1.0,1,3,small,E,0,1,39.0,1,0,0
836,21.0,8.6625,0,3,0,0,0.0,5,1,singleton,,0,0,63.0,0,0,1
837,26.0,8.05,0,3,0,0,0.0,5,1,singleton,,0,0,78.0,0,0,1
838,32.0,56.4958,0,3,0,0,1.0,5,1,singleton,,0,0,96.0,0,0,1
839,42.0,29.7,0,1,0,0,1.0,5,1,singleton,C,0,0,42.0,1,0,0
840,20.0,7.925,0,3,0,0,0.0,5,1,singleton,,0,0,60.0,0,0,1
841,16.0,10.5,0,2,0,0,0.0,5,1,singleton,,1,0,32.0,0,0,1
842,30.0,31.0,0,1,1,0,1.0,1,1,singleton,,0,0,30.0,1,0,0
843,34.5,6.4375,0,3,0,0,0.0,5,1,singleton,,0,0,103.5,1,0,0
844,17.0,8.6625,0,3,0,0,0.0,5,1,singleton,,1,0,51.0,0,0,1
845,42.0,7.55,0,3,0,0,0.0,5,1,singleton,,0,0,126.0,0,0,1
846,26.0,69.55,2,3,0,8,0.0,5,11,large,,0,0,78.0,0,0,1
847,35.0,7.8958,0,3,0,0,0.0,5,1,singleton,,0,0,105.0,1,0,0
848,28.0,33.0,1,2,0,0,0.0,5,2,small,,0,0,56.0,0,0,1
849,45.0,89.1042,0,1,1,1,1.0,2,2,small,C,0,0,45.0,1,0,0
850,4.0,31.275,2,3,0,4,0.0,4,7,large,,1,0,12.0,0,0,1
851,74.0,7.775,0,3,0,0,0.0,5,1,singleton,,0,0,222.0,0,0,1
852,9.0,15.2458,1,3,1,1,0.0,1,3,small,,1,0,27.0,1,0,0
853,16.0,39.4,1,1,1,0,1.0,1,2,small,D,1,0,16.0,0,0,1
854,44.0,26.0,0,2,1,1,0.0,2,2,small,,0,0,88.0,0,0,1
855,18.0,9.35,1,3,1,0,1.0,2,2,small,,0,0,54.0,0,0,1
856,45.0,164.8667,1,1,1,1,1.0,2,3,small,,0,1,45.0,0,0,1
857,51.0,26.55,0,1,0,0,1.0,5,1,singleton,E,0,0,51.0,0,0,1
858,24.0,19.2583,3,3,1,0,1.0,2,4,small,,0,1,72.0,1,0,0
859,26.0,7.2292,0,3,0,0,0.0,5,1,singleton,,0,0,78.0,1,0,0
860,41.0,14.1083,0,3,0,2,0.0,5,3,small,,0,0,123.0,0,0,1
861,21.0,11.5,0,2,0,1,0.0,5,2,small,,0,0,42.0,0,0,1
862,48.0,25.9292,0,1,1,0,1.0,2,1,singleton,D,0,0,48.0,0,0,1
863,18.0,69.55,2,3,1,8,0.0,1,11,large,,0,0,54.0,0,0,1
864,24.0,13.0,0,2,0,0,0.0,5,1,singleton,,0,0,48.0,0,0,1
865,42.0,13.0,0,2,1,0,1.0,2,1,singleton,,0,0,84.0,0,0,1
866,27.0,13.8583,0,2,1,1,1.0,1,2,small,,0,0,54.0,1,0,0
867,31.0,50.4958,0,1,0,0,0.0,5,1,singleton,A,0,0,31.0,0,0,1
868,26.0,9.5,0,3,0,0,0.0,5,1,singleton,,0,0,78.0,0,0,1
869,4.0,11.1333,1,3,0,1,1.0,4,3,small,,1,0,12.0,0,0,1
870,26.0,7.8958,0,3,0,0,0.0,5,1,singleton,,0,0,78.0,0,0,1
871,47.0,52.5542,1,1,1,1,1.0,2,3,small,D,0,1,47.0,0,0,1
872,33.0,5.0,0,1,0,0,0.0,5,1,singleton,B,0,0,33.0,0,0,1
873,47.0,9.0,0,3,0,0,0.0,5,1,singleton,,0,0,141.0,0,0,1
874,28.0,24.0,0,2,1,1,1.0,2,2,small,,0,0,56.0,1,0,0
875,15.0,7.225,0,3,1,0,1.0,1,1,singleton,,1,0,45.0,1,0,0
876,20.0,9.8458,0,3,0,0,0.0,5,1,singleton,,0,0,60.0,0,0,1
877,19.0,7.8958,0,3,0,0,0.0,5,1,singleton,,0,0,57.0,0,0,1
878,26.0,7.8958,0,3,0,0,0.0,5,1,singleton,,0,0,78.0,0,0,1
879,56.0,83.1583,1,1,1,0,1.0,2,2,small,C,0,1,56.0,1,0,0
880,25.0,26.0,1,2,1,0,1.0,2,2,small,,0,1,50.0,0,0,1
881,33.0,7.8958,0,3,0,0,0.0,5,1,singleton,,0,0,99.0,0,0,1
882,22.0,10.5167,0,3,1,0,0.0,1,1,singleton,,0,0,66.0,0,0,1
883,28.0,10.5,0,2,0,0,0.0,5,1,singleton,,0,0,56.0,0,0,1
884,25.0,7.05,0,3,0,0,0.0,5,1,singleton,,0,0,75.0,0,0,1
885,39.0,29.125,5,3,1,0,0.0,2,6,large,,0,1,117.0,0,1,0
886,27.0,13.0,0,2,0,0,0.0,5,1,singleton,,0,0,54.0,0,0,1
887,19.0,30.0,0,1,1,0,1.0,1,1,singleton,B,0,0,19.0,0,0,1
888,18.0,23.45,2,3,1,1,0.0,1,4,small,,0,0,54.0,0,0,1
889,26.0,30.0,0,1,0,0,1.0,5,1,singleton,C,0,0,26.0,1,0,0
890,32.0,7.75,0,3,0,0,0.0,5,1,singleton,,0,0,96.0,0,1,0
891,34.5,7.8292,0,3,0,0,,5,1,singleton,,0,0,103.5,0,1,0
892,47.0,7.0,0,3,1,1,,2,2,small,,0,0,141.0,0,0,1
893,62.0,9.6875,0,2,0,0,,5,1,singleton,,0,0,124.0,0,1,0
894,27.0,8.6625,0,3,0,0,,5,1,singleton,,0,0,81.0,0,0,1
895,22.0,12.2875,1,3,1,1,,2,3,small,,0,1,66.0,0,0,1
896,14.0,9.225,0,3,0,0,,5,1,singleton,,1,0,42.0,0,0,1
897,30.0,7.6292,0,3,1,0,,1,1,singleton,,0,0,90.0,0,1,0
898,26.0,29.0,1,2,0,1,,5,3,small,,0,0,52.0,0,0,1
899,18.0,7.2292,0,3,1,0,,2,1,singleton,,0,0,54.0,1,0,0
900,21.0,24.15,0,3,0,2,,5,3,small,,0,0,63.0,0,0,1
901,26.0,7.8958,0,3,0,0,,5,1,singleton,,0,0,78.0,0,0,1
902,46.0,26.0,0,1,0,0,,5,1,singleton,,0,0,46.0,0,0,1
903,23.0,82.2667,0,1,1,1,,2,2,small,B,0,0,23.0,0,0,1
904,63.0,26.0,0,2,0,1,,5,2,small,,0,0,126.0,0,0,1
905,47.0,61.175,0,1,1,1,,2,2,small,E,0,0,47.0,0,0,1
906,24.0,27.7208,0,2,1,1,,2,2,small,,0,0,48.0,1,0,0
907,35.0,12.35,0,2,0,0,,5,1,singleton,,0,0,70.0,0,1,0
908,21.0,7.225,0,3,0,0,,5,1,singleton,,0,0,63.0,1,0,0
909,27.0,7.925,0,3,1,1,,1,2,small,,0,0,81.0,0,0,1
910,45.0,7.225,0,3,1,0,,2,1,singleton,,0,0,135.0,1,0,0
911,55.0,59.4,0,1,0,1,,5,2,small,,0,0,55.0,1,0,0
912,9.0,3.1708,1,3,0,0,,4,2,small,,1,0,27.0,0,0,1
913,45.0,31.6833,0,1,1,0,,2,1,singleton,,0,0,45.0,0,0,1
914,21.0,61.3792,1,1,0,0,,5,2,small,,0,0,21.0,1,0,0
915,48.0,262.375,3,1,1,1,,2,5,large,B,0,1,48.0,1,0,0
916,50.0,14.5,0,3,0,1,,5,2,small,,0,0,150.0,0,0,1
917,22.0,61.9792,1,1,1,0,,1,2,small,B,0,1,22.0,1,0,0
918,22.5,7.225,0,3,0,0,,5,1,singleton,,0,0,67.5,1,0,0
919,41.0,30.5,0,1,0,0,,5,1,singleton,A,0,0,41.0,0,0,1
920,26.0,21.6792,0,3,0,2,,5,3,small,,0,0,78.0,1,0,0
921,50.0,26.0,0,2,0,1,,5,2,small,,0,0,100.0,0,0,1
922,24.0,31.5,0,2,0,2,,5,3,small,,0,0,48.0,0,0,1
923,33.0,20.575,2,3,1,1,,2,4,small,,0,1,99.0,0,0,1
924,31.0,23.45,2,3,1,1,,2,4,small,,0,1,93.0,0,0,1
925,30.0,57.75,0,1,0,1,,5,2,small,C,0,0,30.0,1,0,0
926,18.5,7.2292,0,3,0,0,,5,1,singleton,,0,0,55.5,1,0,0
927,18.0,8.05,0,3,1,0,,1,1,singleton,,0,0,54.0,0,0,1
928,21.0,8.6625,0,3,1,0,,1,1,singleton,,0,0,63.0,0,0,1
929,25.0,9.5,0,3,0,0,,5,1,singleton,,0,0,75.0,0,0,1
930,26.0,56.4958,0,3,0,0,,5,1,singleton,,0,0,78.0,0,0,1
931,39.0,13.4167,1,3,0,0,,5,2,small,,0,0,117.0,1,0,0
932,42.0,26.55,0,1,0,0,,5,1,singleton,D,0,0,42.0,0,0,1
933,41.0,7.85,0,3,0,0,,5,1,singleton,,0,0,123.0,0,0,1
934,30.0,13.0,0,2,1,0,,2,1,singleton,,0,0,60.0,0,0,1
935,45.0,52.5542,0,1,1,1,,2,2,small,D,0,0,45.0,0,0,1
936,25.0,7.925,0,3,0,0,,5,1,singleton,,0,0,75.0,0,0,1
937,45.0,29.7,0,1,0,0,,5,1,singleton,A,0,0,45.0,1,0,0
938,26.0,7.75,0,3,0,0,,5,1,singleton,,0,0,78.0,0,1,0
939,60.0,76.2917,0,1,1,0,,2,1,singleton,D,0,0,60.0,1,0,0
940,36.0,15.9,2,3,1,0,,2,3,small,,0,1,108.0,0,0,1
941,24.0,60.0,0,1,0,1,,5,2,small,C,0,0,24.0,0,0,1
942,27.0,15.0333,0,2,0,0,,5,1,singleton,,0,0,54.0,1,0,0
943,20.0,23.0,1,2,1,2,,1,4,small,,0,1,40.0,0,0,1
944,28.0,263.0,2,1,1,3,,1,6,large,C,0,1,28.0,0,0,1
945,30.0,15.5792,0,2,0,0,,5,1,singleton,,0,0,60.0,1,0,0
946,10.0,29.125,1,3,0,4,,4,6,large,,1,0,30.0,0,1,0
947,35.0,7.8958,0,3,0,0,,5,1,singleton,,0,0,105.0,0,0,1
948,25.0,7.65,0,3,0,0,,5,1,singleton,F,0,0,75.0,0,0,1
949,26.0,16.1,0,3,0,1,,5,2,small,,0,0,78.0,0,0,1
950,36.0,262.375,0,1,1,0,,1,1,singleton,B,0,0,36.0,1,0,0
951,17.0,7.8958,0,3,0,0,,5,1,singleton,,1,0,51.0,0,0,1
952,32.0,13.5,0,2,0,0,,5,1,singleton,,0,0,64.0,0,0,1
953,18.0,7.75,0,3,0,0,,5,1,singleton,,0,0,54.0,0,0,1
954,22.0,7.725,0,3,1,0,,1,1,singleton,,0,0,66.0,0,1,0
955,13.0,262.375,2,1,0,2,,4,5,large,B,1,0,13.0,1,0,0
956,30.5,21.0,0,2,1,0,,2,1,singleton,,0,0,61.0,0,0,1
957,18.0,7.8792,0,3,1,0,,1,1,singleton,,0,0,54.0,0,1,0
958,47.0,42.4,0,1,0,0,,5,1,singleton,,0,0,47.0,0,0,1
959,31.0,28.5375,0,1,0,0,,5,1,singleton,C,0,0,31.0,1,0,0
960,60.0,263.0,4,1,1,1,,2,6,large,C,0,1,60.0,0,0,1
961,24.0,7.75,0,3,1,0,,1,1,singleton,,0,0,72.0,0,1,0
962,21.0,7.8958,0,3,0,0,,5,1,singleton,,0,0,63.0,0,0,1
963,29.0,7.925,0,3,1,0,,1,1,singleton,,0,0,87.0,0,0,1
964,28.5,27.7208,0,1,0,0,,5,1,singleton,D,0,0,28.5,1,0,0
965,35.0,211.5,0,1,1,0,,1,1,singleton,C,0,0,35.0,1,0,0
966,32.5,211.5,0,1,0,0,,5,1,singleton,C,0,0,32.5,1,0,0
967,26.0,8.05,0,3,0,0,,5,1,singleton,,0,0,78.0,0,0,1
968,55.0,25.7,0,1,1,2,,2,3,small,C,0,0,55.0,0,0,1
969,30.0,13.0,0,2,0,0,,5,1,singleton,,0,0,60.0,0,0,1
970,24.0,7.75,0,3,1,0,,1,1,singleton,,0,0,72.0,0,1,0
971,6.0,15.2458,1,3,0,1,,4,3,small,,1,0,18.0,1,0,0
972,67.0,221.7792,0,1,0,1,,5,2,small,C,0,0,67.0,0,0,1
973,49.0,26.0,0,1,0,0,,5,1,singleton,,0,0,49.0,0,0,1
974,26.0,7.8958,0,3,0,0,,5,1,singleton,,0,0,78.0,0,0,1
975,30.0,10.7083,0,2,0,0,,5,1,singleton,,0,0,60.0,0,1,0
976,26.0,14.4542,0,3,0,1,,5,2,small,,0,0,78.0,1,0,0
977,27.0,7.8792,0,3,1,0,,1,1,singleton,,0,0,81.0,0,1,0
978,18.0,8.05,0,3,1,0,,1,1,singleton,,0,0,54.0,0,0,1
979,26.0,7.75,0,3,1,0,,5,1,singleton,,0,0,78.0,0,1,0
980,2.0,23.0,1,2,0,1,,4,3,small,,1,0,4.0,0,0,1
981,22.0,13.9,0,3,1,1,,2,2,small,,0,0,66.0,0,0,1
982,26.0,7.775,0,3,0,0,,5,1,singleton,,0,0,78.0,0,0,1
983,27.0,52.0,2,1,1,1,,2,4,small,B,0,1,27.0,0,0,1
984,26.0,8.05,0,3,0,0,,5,1,singleton,,0,0,78.0,0,0,1
985,25.0,26.0,0,1,0,0,,5,1,singleton,,0,0,25.0,1,0,0
986,25.0,7.7958,0,3,0,0,,5,1,singleton,,0,0,75.0,0,0,1
987,76.0,78.85,0,1,1,1,,2,2,small,C,0,0,76.0,0,0,1
988,29.0,7.925,0,3,0,0,,5,1,singleton,,0,0,87.0,0,0,1
989,20.0,7.8542,0,3,1,0,,1,1,singleton,,0,0,60.0,0,0,1
990,33.0,8.05,0,3,0,0,,5,1,singleton,,0,0,99.0,0,0,1
991,43.0,55.4417,0,1,1,1,,2,2,small,C,0,0,43.0,1,0,0
992,27.0,26.0,0,2,0,1,,5,2,small,,0,0,54.0,0,0,1
993,26.0,7.75,0,3,0,0,,5,1,singleton,,0,0,78.0,0,1,0
994,26.0,7.775,0,3,0,0,,5,1,singleton,,0,0,78.0,0,0,1
995,16.0,8.5167,1,3,1,1,,2,3,small,,1,0,48.0,1,0,0
996,28.0,22.525,0,3,0,0,,5,1,singleton,,0,0,84.0,0,0,1
997,21.0,7.8208,0,3,0,0,,5,1,singleton,,0,0,63.0,0,1,0
998,26.0,7.75,0,3,0,0,,5,1,singleton,,0,0,78.0,0,1,0
999,26.0,8.7125,0,3,0,0,,5,1,singleton,,0,0,78.0,0,0,1
1000,18.5,13.0,0,2,0,0,,5,1,singleton,F,0,0,37.0,0,0,1
1001,41.0,15.0458,0,2,0,0,,5,1,singleton,,0,0,82.0,1,0,0
1002,18.0,7.7792,0,3,1,0,,1,1,singleton,,0,0,54.0,0,1,0
1003,36.0,31.6792,0,1,1,0,,1,1,singleton,A,0,0,36.0,1,0,0
1004,18.5,7.2833,0,3,1,0,,1,1,singleton,,0,0,55.5,0,1,0
1005,63.0,221.7792,0,1,1,1,,2,2,small,C,0,0,63.0,0,0,1
1006,18.0,14.4542,0,3,0,1,,5,2,small,,0,0,54.0,1,0,0
1007,26.0,6.4375,0,3,0,0,,5,1,singleton,,0,0,78.0,1,0,0
1008,1.0,16.7,1,3,1,1,,1,3,small,G,1,0,3.0,0,0,1
1009,36.0,75.2417,0,1,0,0,,5,1,singleton,C,0,0,36.0,1,0,0
1010,29.0,26.0,0,2,1,1,,2,2,small,,0,0,58.0,0,0,1
1011,12.0,15.75,0,2,1,0,,1,1,singleton,,1,0,24.0,0,0,1
1012,26.0,7.75,0,3,0,1,,5,2,small,,0,0,78.0,0,1,0
1013,35.0,57.75,0,1,1,1,,2,2,small,C,0,0,35.0,1,0,0
1014,28.0,7.25,0,3,0,0,,5,1,singleton,,0,0,84.0,0,0,1
1015,26.0,7.75,0,3,0,0,,5,1,singleton,,0,0,78.0,0,1,0
1016,17.0,16.1,1,3,1,0,,1,2,small,,1,0,51.0,0,0,1
1017,22.0,7.7958,0,3,0,0,,5,1,singleton,,0,0,66.0,0,0,1
1018,18.0,23.25,0,3,1,2,,1,3,small,,0,0,54.0,0,1,0
1019,42.0,13.0,0,2,0,0,,5,1,singleton,,0,0,84.0,0,0,1
1020,24.0,8.05,0,3,0,0,,5,1,singleton,,0,0,72.0,0,0,1
1021,32.0,8.05,0,3,0,0,,5,1,singleton,,0,0,96.0,0,0,1
1022,53.0,28.5,0,1,0,0,,5,1,singleton,C,0,0,53.0,1,0,0
1023,31.0,25.4667,4,3,1,0,,2,5,large,,0,1,93.0,0,0,1
1024,26.0,6.4375,0,3,0,1,,5,2,small,,0,0,78.0,1,0,0
1025,43.0,7.8958,0,3,0,0,,5,1,singleton,,0,0,129.0,0,0,1
1026,24.0,7.8542,0,3,0,0,,5,1,singleton,,0,0,72.0,0,0,1
1027,26.5,7.225,0,3,0,0,,5,1,singleton,,0,0,79.5,1,0,0
1028,26.0,13.0,0,2,0,0,,5,1,singleton,,0,0,52.0,0,0,1
1029,23.0,8.05,0,3,1,0,,1,1,singleton,,0,0,69.0,0,0,1
1030,40.0,46.9,6,3,0,1,,5,8,large,,0,0,120.0,0,0,1
1031,10.0,46.9,2,3,1,5,,1,8,large,,1,0,30.0,0,0,1
1032,33.0,151.55,0,1,1,0,,1,1,singleton,,0,0,33.0,0,0,1
1033,61.0,262.375,3,1,0,1,,5,5,large,B,0,0,61.0,1,0,0
1034,28.0,26.0,0,2,0,0,,5,1,singleton,,0,0,56.0,0,0,1
1035,42.0,26.55,0,1,0,0,,5,1,singleton,,0,0,42.0,0,0,1
1036,31.0,18.0,0,3,0,3,,5,4,small,,0,0,93.0,0,0,1
1037,42.0,51.8625,0,1,0,0,,5,1,singleton,E,0,0,42.0,0,0,1
1038,22.0,8.05,0,3,0,0,,5,1,singleton,,0,0,66.0,0,0,1
1039,42.0,26.55,0,1,0,0,,5,1,singleton,,0,0,42.0,0,0,1
1040,30.0,26.0,1,2,0,1,,5,3,small,,0,0,60.0,0,0,1
1041,23.0,83.1583,1,1,1,0,,2,2,small,C,0,1,23.0,1,0,0
1042,26.0,7.8958,0,3,0,0,,5,1,singleton,,0,0,78.0,1,0,0
1043,60.5,8.05,0,3,0,0,,5,1,singleton,,0,0,181.5,0,0,1
1044,36.0,12.1833,2,3,1,0,,2,3,small,,0,1,108.0,0,0,1
1045,13.0,31.3875,2,3,0,4,,4,7,large,,1,0,39.0,0,0,1
1046,24.0,7.55,0,3,0,0,,5,1,singleton,,0,0,72.0,0,0,1
1047,29.0,221.7792,0,1,1,0,,1,1,singleton,C,0,0,29.0,0,0,1
1048,23.0,7.8542,0,3,1,0,,1,1,singleton,,0,0,69.0,0,0,1
1049,42.0,26.55,0,1,0,0,,5,1,singleton,D,0,0,42.0,0,0,1
1050,26.0,13.775,2,3,1,0,,2,3,small,,0,1,78.0,0,0,1
1051,18.0,7.7333,0,3,1,0,,1,1,singleton,,0,0,54.0,0,1,0
1052,7.0,15.2458,1,3,0,1,,4,3,small,,1,0,21.0,1,0,0
1053,26.0,13.5,0,2,1,0,,1,1,singleton,,0,0,52.0,0,0,1
1054,26.0,7.0,0,3,0,0,,5,1,singleton,,0,0,78.0,0,0,1
1055,41.0,13.0,0,2,0,0,,5,1,singleton,,0,0,82.0,0,0,1
1056,26.0,22.025,1,3,1,1,,2,3,small,,0,1,78.0,0,0,1
1057,48.0,50.4958,0,1,0,0,,5,1,singleton,B,0,0,48.0,1,0,0
1058,18.0,34.375,2,3,0,2,,5,5,large,,0,0,54.0,0,0,1
1059,45.0,27.7208,0,1,1,0,,2,1,singleton,,0,0,45.0,1,0,0
1060,22.0,8.9625,0,3,1,0,,1,1,singleton,,0,0,66.0,0,0,1
1061,26.0,7.55,0,3,0,0,,5,1,singleton,,0,0,78.0,0,0,1
1062,27.0,7.225,0,3,0,0,,5,1,singleton,,0,0,81.0,1,0,0
1063,23.0,13.9,0,3,0,1,,5,2,small,,0,0,69.0,0,0,1
1064,26.0,7.2292,0,3,0,0,,5,1,singleton,,0,0,78.0,1,0,0
1065,40.0,31.3875,5,3,0,1,,5,7,large,,0,0,120.0,0,0,1
1066,15.0,39.0,2,2,1,0,,1,3,small,,1,0,30.0,0,0,1
1067,20.0,36.75,0,2,1,0,,1,1,singleton,,0,0,40.0,0,0,1
1068,54.0,55.4417,0,1,0,1,,5,2,small,C,0,0,54.0,1,0,0
1069,36.0,39.0,3,2,1,0,,2,4,small,F,0,1,72.0,0,0,1
1070,64.0,83.1583,2,1,1,0,,2,3,small,E,0,1,64.0,1,0,0
1071,30.0,13.0,0,2,0,0,,5,1,singleton,,0,0,60.0,0,0,1
1072,37.0,83.1583,1,1,0,1,,5,3,small,E,0,0,37.0,1,0,0
1073,18.0,53.1,0,1,1,1,,2,2,small,D,0,0,18.0,0,0,1
1074,26.0,7.75,0,3,0,0,,5,1,singleton,,0,0,78.0,0,1,0
1075,27.0,247.5208,1,1,1,1,,2,3,small,B,0,1,27.0,1,0,0
1076,40.0,16.0,0,2,0,0,,5,1,singleton,,0,0,80.0,0,0,1
1077,21.0,21.0,1,2,1,0,,1,2,small,,0,1,42.0,0,0,1
1078,17.0,8.05,0,3,0,2,,5,3,small,,1,0,51.0,0,0,1
1079,18.0,69.55,2,3,1,8,,1,11,large,,0,0,54.0,0,0,1
1080,40.0,13.0,0,2,0,0,,5,1,singleton,,0,0,80.0,0,0,1
1081,34.0,26.0,0,2,0,1,,5,2,small,,0,0,68.0,0,0,1
1082,42.0,26.0,0,1,0,0,,5,1,singleton,,0,0,42.0,0,0,1
1083,11.5,14.5,1,3,0,1,,4,3,small,,1,0,34.5,0,0,1
1084,61.0,12.35,0,2,0,0,,5,1,singleton,,0,0,122.0,0,1,0
1085,8.0,32.5,2,2,0,0,,4,3,small,,1,0,16.0,0,0,1
1086,33.0,7.8542,0,3,0,0,,5,1,singleton,,0,0,99.0,0,0,1
1087,6.0,134.5,2,1,0,0,,4,3,small,E,1,0,6.0,1,0,0
1088,18.0,7.775,0,3,1,0,,1,1,singleton,,0,0,54.0,0,0,1
1089,23.0,10.5,0,2,0,0,,5,1,singleton,,0,0,46.0,0,0,1
1090,31.0,8.1125,0,3,1,0,,2,1,singleton,,0,0,93.0,0,0,1
1091,18.0,15.5,0,3,1,0,,1,1,singleton,,0,0,54.0,0,1,0
1092,0.33,14.4,2,3,0,0,,4,3,small,,1,0,0.99,0,0,1
1093,47.0,227.525,0,1,0,1,,5,2,small,C,0,0,47.0,1,0,0
1094,8.0,26.0,1,2,1,1,,1,3,small,,1,0,16.0,0,0,1
1095,25.0,10.5,0,2,0,0,,5,1,singleton,,0,0,50.0,0,0,1
1096,42.0,25.7417,0,1,0,0,,5,1,singleton,,0,0,42.0,1,0,0
1097,35.0,7.75,0,3,1,0,,1,1,singleton,,0,0,105.0,0,1,0
1098,24.0,10.5,0,2,0,0,,5,1,singleton,,0,0,48.0,0,0,1
1099,33.0,27.7208,0,1,1,0,,1,1,singleton,A,0,0,33.0,1,0,0
1100,25.0,7.8958,0,3,0,0,,5,1,singleton,,0,0,75.0,0,0,1
1101,32.0,22.525,0,3,0,0,,5,1,singleton,,0,0,96.0,0,0,1
1102,26.0,7.05,0,3,0,0,,5,1,singleton,,0,0,78.0,0,0,1
1103,17.0,73.5,0,2,0,0,,5,1,singleton,,1,0,34.0,0,0,1
1104,60.0,26.0,0,2,1,1,,2,2,small,,0,0,120.0,0,0,1
1105,38.0,7.775,2,3,1,4,,1,7,large,,0,1,114.0,0,0,1
1106,42.0,42.5,0,1,0,0,,5,1,singleton,B,0,0,42.0,0,0,1
1107,18.0,7.8792,0,3,1,0,,1,1,singleton,,0,0,54.0,0,1,0
1108,57.0,164.8667,1,1,0,1,,5,3,small,,0,0,57.0,0,0,1
1109,50.0,211.5,1,1,1,1,,2,3,small,C,0,1,50.0,1,0,0
1110,26.0,8.05,0,3,0,0,,5,1,singleton,,0,0,78.0,0,0,1
1111,30.0,13.8583,0,2,1,1,,1,2,small,,0,0,60.0,1,0,0
1112,21.0,8.05,0,3,0,0,,5,1,singleton,,0,0,63.0,0,0,1
1113,22.0,10.5,0,2,1,0,,2,1,singleton,F,0,0,44.0,0,0,1
1114,21.0,7.7958,0,3,0,0,,5,1,singleton,,0,0,63.0,0,0,1
1115,53.0,27.4458,0,1,1,0,,2,1,singleton,,0,0,53.0,1,0,0
1116,31.0,15.2458,2,3,1,0,,2,3,small,,0,1,93.0,1,0,0
1117,23.0,7.7958,0,3,0,0,,5,1,singleton,,0,0,69.0,0,0,1
1118,18.0,7.75,0,3,1,0,,1,1,singleton,,0,0,54.0,0,1,0
1119,40.5,15.1,0,3,0,0,,5,1,singleton,,0,0,121.5,0,0,1
1120,36.0,13.0,0,2,0,0,,5,1,singleton,,0,0,72.0,0,0,1
1121,14.0,65.0,0,2,0,0,,5,1,singleton,,1,0,28.0,0,0,1
1122,21.0,26.55,0,1,1,0,,1,1,singleton,,0,0,21.0,0,0,1
1123,21.0,6.4958,0,3,0,1,,5,2,small,,0,0,63.0,0,0,1
1124,26.0,7.8792,0,3,0,0,,5,1,singleton,,0,0,78.0,0,1,0
1125,39.0,71.2833,0,1,0,1,,5,2,small,C,0,0,39.0,1,0,0
1126,20.0,7.8542,0,3,0,0,,5,1,singleton,,0,0,60.0,0,0,1
1127,64.0,75.25,0,1,0,1,,5,2,small,D,0,0,64.0,1,0,0
1128,20.0,7.225,0,3,0,0,,5,1,singleton,,0,0,60.0,1,0,0
1129,18.0,13.0,1,2,1,1,,1,3,small,,0,0,36.0,0,0,1
1130,48.0,106.425,0,1,1,1,,2,2,small,C,0,0,48.0,1,0,0
1131,55.0,27.7208,0,1,1,0,,2,1,singleton,,0,0,55.0,1,0,0
1132,45.0,30.0,2,2,1,0,,2,3,small,,0,1,90.0,0,0,1
1133,45.0,134.5,1,1,0,1,,5,3,small,E,0,0,45.0,1,0,0
1134,26.0,7.8875,0,3,0,0,,5,1,singleton,,0,0,78.0,0,0,1
1135,6.0,23.45,2,3,0,1,,4,4,small,,1,0,18.0,0,0,1
1136,41.0,51.8625,0,1,0,1,,5,2,small,D,0,0,41.0,0,0,1
1137,22.0,21.0,0,2,1,0,,2,1,singleton,,0,0,44.0,0,0,1
1138,42.0,32.5,1,2,0,1,,5,3,small,,0,0,84.0,0,0,1
1139,29.0,26.0,0,2,1,1,,2,2,small,,0,0,58.0,0,0,1
1140,31.0,14.4542,0,3,1,1,,2,2,small,,0,0,93.0,1,0,0
1141,0.92,27.75,2,2,1,1,,1,4,small,,1,0,1.84,0,0,1
1142,20.0,7.925,0,3,0,0,,5,1,singleton,,0,0,60.0,0,0,1
1143,27.0,136.7792,0,1,0,1,,5,2,small,C,0,0,27.0,1,0,0
1144,24.0,9.325,0,3,0,0,,5,1,singleton,,0,0,72.0,0,0,1
1145,32.5,9.5,0,3,0,0,,5,1,singleton,,0,0,97.5,0,0,1
1146,26.0,7.55,0,3,0,0,,5,1,singleton,,0,0,78.0,0,0,1
1147,26.0,7.75,0,3,0,0,,5,1,singleton,,0,0,78.0,0,1,0
1148,28.0,8.05,0,3,0,0,,5,1,singleton,,0,0,84.0,0,0,1
1149,19.0,13.0,0,2,1,0,,1,1,singleton,,0,0,38.0,0,0,1
1150,21.0,7.775,0,3,0,0,,5,1,singleton,,0,0,63.0,0,0,1
1151,36.5,17.4,0,3,0,1,,5,2,small,,0,0,109.5,0,0,1
1152,21.0,7.8542,0,3,0,0,,5,1,singleton,,0,0,63.0,0,0,1
1153,29.0,23.0,2,2,1,0,,2,3,small,,0,1,58.0,0,0,1
1154,1.0,12.1833,1,3,1,1,,1,3,small,,1,0,3.0,0,0,1
1155,30.0,12.7375,0,2,0,0,,5,1,singleton,,0,0,60.0,1,0,0
1156,26.0,7.8958,0,3,0,0,,5,1,singleton,,0,0,78.0,0,0,1
1157,42.0,0.0,0,1,0,0,,5,1,singleton,,0,0,42.0,0,0,1
1158,26.0,7.55,0,3,0,0,,5,1,singleton,,0,0,78.0,0,0,1
1159,18.0,8.05,0,3,1,0,,1,1,singleton,,0,0,54.0,0,0,1
1160,17.0,8.6625,0,3,0,0,,5,1,singleton,,1,0,51.0,0,0,1
1161,46.0,75.2417,0,1,0,0,,5,1,singleton,C,0,0,46.0,1,0,0
1162,26.0,7.75,0,3,0,0,,5,1,singleton,,0,0,78.0,0,1,0
1163,26.0,136.7792,0,1,1,1,,2,2,small,C,0,0,26.0,1,0,0
1164,18.0,15.5,0,3,1,1,,1,2,small,,0,0,54.0,0,1,0
1165,26.0,7.225,0,3,0,0,,5,1,singleton,,0,0,78.0,1,0,0
1166,20.0,26.0,0,2,1,1,,1,2,small,,0,0,40.0,0,0,1
1167,28.0,10.5,0,2,0,0,,5,1,singleton,,0,0,56.0,0,0,1
1168,40.0,26.0,0,2,0,1,,5,2,small,,0,0,80.0,0,0,1
1169,30.0,21.0,0,2,0,1,,5,2,small,,0,0,60.0,0,0,1
1170,22.0,10.5,0,2,0,0,,5,1,singleton,,0,0,44.0,0,0,1
1171,23.0,8.6625,0,3,1,0,,1,1,singleton,,0,0,69.0,0,0,1
1172,0.75,13.775,1,3,0,1,,4,3,small,,1,0,2.25,0,0,1
1173,18.0,7.75,0,3,1,0,,1,1,singleton,,0,0,54.0,0,1,0
1174,9.0,15.2458,1,3,1,1,,1,3,small,,1,0,27.0,1,0,0
1175,2.0,20.2125,1,3,1,1,,1,3,small,,1,0,6.0,0,0,1
1176,36.0,7.25,0,3,0,0,,5,1,singleton,,0,0,108.0,0,0,1
1177,26.0,7.25,0,3,0,0,,5,1,singleton,,0,0,78.0,0,0,1
1178,24.0,82.2667,0,1,0,1,,5,2,small,B,0,0,24.0,0,0,1
1179,26.0,7.2292,0,3,0,0,,5,1,singleton,F,0,0,78.0,1,0,0
1180,26.0,8.05,0,3,0,0,,5,1,singleton,,0,0,78.0,0,0,1
1181,42.0,39.6,0,1,0,0,,5,1,singleton,,0,0,42.0,0,0,1
1182,30.0,6.95,0,3,1,0,,1,1,singleton,,0,0,90.0,0,1,0
1183,26.0,7.2292,0,3,0,0,,5,1,singleton,,0,0,78.0,1,0,0
1184,53.0,81.8583,1,1,0,1,,5,3,small,A,0,0,53.0,0,0,1
1185,36.0,9.5,0,3,0,0,,5,1,singleton,,0,0,108.0,0,0,1
1186,26.0,7.8958,0,3,0,0,,5,1,singleton,,0,0,78.0,0,0,1
1187,1.0,41.5792,2,2,1,1,,1,4,small,,1,0,2.0,1,0,0
1188,26.0,21.6792,0,3,0,2,,5,3,small,,0,0,78.0,1,0,0
1189,30.0,45.5,0,1,0,0,,5,1,singleton,,0,0,30.0,0,0,1
1190,29.0,7.8542,0,3,0,0,,5,1,singleton,,0,0,87.0,0,0,1
1191,32.0,7.775,0,3,0,0,,5,1,singleton,,0,0,96.0,0,0,1
1192,30.0,15.0458,0,2,0,0,,5,1,singleton,D,0,0,60.0,1,0,0
1193,43.0,21.0,1,2,0,0,,5,2,small,,0,0,86.0,0,0,1
1194,24.0,8.6625,0,3,0,0,,5,1,singleton,,0,0,72.0,0,0,1
1195,18.0,7.75,0,3,1,0,,1,1,singleton,,0,0,54.0,0,1,0
1196,64.0,26.55,1,1,1,1,,2,3,small,B,0,1,64.0,0,0,1
1197,30.0,151.55,2,1,0,1,,5,4,small,C,0,0,30.0,0,0,1
1198,0.83,9.35,1,3,0,0,,4,2,small,,1,0,2.4899999999999998,0,0,1
1199,55.0,93.5,1,1,0,1,,5,3,small,B,0,0,55.0,0,0,1
1200,45.0,14.1083,0,3,1,1,,2,2,small,,0,0,135.0,0,0,1
1201,18.0,8.6625,0,3,0,0,,5,1,singleton,,0,0,54.0,0,0,1
1202,22.0,7.225,0,3,0,0,,5,1,singleton,,0,0,66.0,1,0,0
1203,26.0,7.575,0,3,0,0,,5,1,singleton,,0,0,78.0,0,0,1
1204,37.0,7.75,0,3,1,0,,1,1,singleton,,0,0,111.0,0,1,0
1205,55.0,135.6333,0,1,1,0,,2,1,singleton,C,0,0,55.0,1,0,0
1206,17.0,7.7333,0,3,1,0,,1,1,singleton,,1,0,51.0,0,1,0
1207,57.0,146.5208,0,1,0,1,,5,2,small,B,0,0,57.0,1,0,0
1208,19.0,10.5,0,2,0,0,,5,1,singleton,,0,0,38.0,0,0,1
1209,27.0,7.8542,0,3,0,0,,5,1,singleton,,0,0,81.0,0,0,1
1210,22.0,31.5,0,2,0,2,,5,3,small,,0,0,44.0,0,0,1
1211,26.0,7.775,0,3,0,0,,5,1,singleton,,0,0,78.0,0,0,1
1212,25.0,7.2292,0,3,0,0,,5,1,singleton,F,0,0,75.0,1,0,0
1213,26.0,13.0,0,2,0,0,,5,1,singleton,F,0,0,52.0,0,0,1
1214,33.0,26.55,0,1,0,0,,5,1,singleton,,0,0,33.0,0,0,1
1215,39.0,211.3375,0,1,1,0,,1,1,singleton,,0,0,39.0,0,0,1
1216,23.0,7.05,0,3,0,0,,5,1,singleton,,0,0,69.0,0,0,1
1217,12.0,39.0,1,2,1,2,,1,4,small,F,1,0,24.0,0,0,1
1218,46.0,79.2,0,1,0,0,,5,1,singleton,,0,0,46.0,1,0,0
1219,29.0,26.0,0,2,0,1,,5,2,small,,0,0,58.0,0,0,1
1220,21.0,13.0,0,2,0,0,,5,1,singleton,,0,0,42.0,0,0,1
1221,48.0,36.75,2,2,1,0,,2,3,small,,0,1,96.0,0,0,1
1222,39.0,29.7,0,1,0,0,,5,1,singleton,A,0,0,39.0,1,0,0
1223,26.0,7.225,0,3,0,0,,5,1,singleton,,0,0,78.0,1,0,0
1224,19.0,15.7417,1,3,1,1,,2,3,small,,0,1,57.0,1,0,0
1225,27.0,7.8958,0,3,0,0,,5,1,singleton,,0,0,81.0,0,0,1
1226,30.0,26.0,0,1,0,0,,5,1,singleton,C,0,0,30.0,0,0,1
1227,32.0,13.0,0,2,0,0,,5,1,singleton,,0,0,64.0,0,0,1
1228,39.0,7.2292,2,3,0,0,,5,3,small,,0,0,117.0,1,0,0
1229,25.0,31.5,0,2,0,0,,5,1,singleton,,0,0,50.0,0,0,1
1230,6.0,7.2292,0,3,0,0,,4,1,singleton,,1,0,18.0,1,0,0
1231,18.0,10.5,0,2,0,0,,5,1,singleton,,0,0,36.0,0,0,1
1232,32.0,7.5792,0,3,0,0,,5,1,singleton,,0,0,96.0,0,0,1
1233,26.0,69.55,9,3,0,1,,5,11,large,,0,0,78.0,0,0,1
1234,58.0,512.3292,1,1,1,0,,2,2,small,B,0,1,58.0,1,0,0
1235,6.0,14.5,1,3,0,1,,4,3,small,,1,0,18.0,0,0,1
1236,16.0,7.65,0,3,1,0,,1,1,singleton,,1,0,48.0,0,0,1
1237,26.0,13.0,0,2,0,0,,5,1,singleton,,0,0,52.0,0,0,1
1238,38.0,7.2292,0,3,1,0,,2,1,singleton,,0,0,114.0,1,0,0
1239,24.0,13.5,0,2,0,0,,5,1,singleton,,0,0,48.0,0,0,1
1240,31.0,21.0,0,2,1,0,,1,1,singleton,,0,0,62.0,0,0,1
1241,45.0,63.3583,1,1,1,0,,2,2,small,D,0,1,45.0,1,0,0
1242,25.0,10.5,0,2,0,0,,5,1,singleton,,0,0,50.0,0,0,1
1243,18.0,73.5,0,2,0,0,,5,1,singleton,,0,0,36.0,0,0,1
1244,49.0,65.0,2,2,0,1,,5,4,small,,0,0,98.0,0,0,1
1245,0.17,20.575,2,3,1,1,,1,4,small,,1,0,0.51,0,0,1
1246,50.0,26.0,0,1,0,0,,5,1,singleton,E,0,0,50.0,0,0,1
1247,59.0,51.4792,0,1,1,2,,2,3,small,C,0,0,59.0,0,0,1
1248,26.0,7.8792,0,3,0,0,,5,1,singleton,,0,0,78.0,0,0,1
1249,26.0,7.75,0,3,0,0,,5,1,singleton,,0,0,78.0,0,1,0
1250,30.0,15.55,0,3,1,1,,2,2,small,,0,0,90.0,0,0,1
1251,14.5,69.55,2,3,0,8,,4,11,large,,1,0,43.5,0,0,1
1252,24.0,37.0042,1,2,1,1,,2,3,small,,0,1,48.0,1,0,0
1253,31.0,21.0,0,2,1,0,,2,1,singleton,,0,0,62.0,0,0,1
1254,27.0,8.6625,0,3,0,0,,5,1,singleton,,0,0,81.0,0,0,1
1255,25.0,55.4417,0,1,1,1,,2,2,small,E,0,0,25.0,1,0,0
1256,31.0,69.55,9,3,1,1,,2,11,large,,0,1,93.0,0,0,1
1257,26.0,14.4583,0,3,0,1,,5,2,small,,0,0,78.0,1,0,0
1258,22.0,39.6875,0,3,1,0,,1,1,singleton,,0,0,66.0,0,0,1
1259,45.0,59.4,1,1,1,0,,2,2,small,,0,1,45.0,1,0,0
1260,29.0,13.8583,0,2,0,0,,5,1,singleton,,0,0,58.0,1,0,0
1261,21.0,11.5,0,2,0,1,,5,2,small,,0,0,42.0,0,0,1
1262,31.0,134.5,0,1,1,0,,1,1,singleton,E,0,0,31.0,1,0,0
1263,49.0,0.0,0,1,0,0,,5,1,singleton,B,0,0,49.0,0,0,1
1264,44.0,13.0,0,2,0,0,,5,1,singleton,,0,0,88.0,0,0,1
1265,54.0,81.8583,1,1,1,1,,2,3,small,A,0,1,54.0,0,0,1
1266,45.0,262.375,0,1,1,0,,1,1,singleton,,0,0,45.0,1,0,0
1267,22.0,8.6625,0,3,1,2,,1,3,small,,0,0,66.0,0,0,1
1268,21.0,11.5,0,2,0,0,,5,1,singleton,,0,0,42.0,0,0,1
1269,55.0,50.0,0,1,0,0,,5,1,singleton,C,0,0,55.0,0,0,1
1270,5.0,31.3875,2,3,0,4,,4,7,large,,1,0,15.0,0,0,1
1271,26.0,7.75,0,3,0,0,,5,1,singleton,,0,0,78.0,0,1,0
1272,26.0,7.8792,0,3,0,0,,5,1,singleton,,0,0,78.0,0,1,0
1273,31.0,14.5,0,3,1,0,,2,1,singleton,,0,0,93.0,0,0,1
1274,19.0,16.1,0,3,1,1,,2,2,small,,0,0,57.0,0,0,1
1275,30.0,12.875,0,2,0,0,,5,1,singleton,,0,0,60.0,0,0,1
1276,24.0,65.0,2,2,1,1,,1,4,small,,0,1,48.0,0,0,1
1277,24.0,7.775,0,3,0,0,,5,1,singleton,,0,0,72.0,0,0,1
1278,57.0,13.0,0,2,0,0,,5,1,singleton,,0,0,114.0,0,0,1
1279,21.0,7.75,0,3,0,0,,5,1,singleton,,0,0,63.0,0,1,0
1280,6.0,21.075,1,3,0,3,,4,5,large,,1,0,18.0,0,0,1
1281,23.0,93.5,0,1,0,0,,5,1,singleton,B,0,0,23.0,0,0,1
1282,51.0,39.4,1,1,1,0,,2,2,small,D,0,1,51.0,0,0,1
1283,13.0,20.25,2,3,0,0,,4,3,small,,1,0,39.0,0,0,1
1284,47.0,10.5,0,2,0,0,,5,1,singleton,,0,0,94.0,0,0,1
1285,29.0,22.025,1,3,0,3,,5,5,large,,0,0,87.0,0,0,1
1286,18.0,60.0,0,1,1,1,,2,2,small,C,0,0,18.0,0,0,1
1287,24.0,7.25,0,3,0,0,,5,1,singleton,,0,0,72.0,0,1,0
1288,48.0,79.2,1,1,1,1,,2,3,small,B,0,1,48.0,1,0,0
1289,22.0,7.775,0,3,0,0,,5,1,singleton,,0,0,66.0,0,0,1
1290,31.0,7.7333,0,3,0,0,,5,1,singleton,,0,0,93.0,0,1,0
1291,30.0,164.8667,0,1,1,0,,1,1,singleton,C,0,0,30.0,0,0,1
1292,38.0,21.0,0,2,0,1,,5,2,small,,0,0,76.0,0,0,1
1293,22.0,59.4,1,1,1,0,,1,2,small,,0,1,22.0,1,0,0
1294,17.0,47.1,0,1,0,0,,5,1,singleton,,1,0,17.0,0,0,1
1295,43.0,27.7208,0,1,0,1,,5,2,small,D,0,0,43.0,1,0,0
1296,20.0,13.8625,0,2,0,0,,5,1,singleton,D,0,0,40.0,1,0,0
1297,23.0,10.5,0,2,0,1,,5,2,small,,0,0,46.0,0,0,1
1298,50.0,211.5,1,1,0,1,,5,3,small,C,0,0,50.0,1,0,0
1299,18.0,7.7208,0,3,1,0,,1,1,singleton,,0,0,54.0,0,1,0
1300,3.0,13.775,1,3,1,1,,1,3,small,,1,0,9.0,0,0,1
1301,18.0,7.75,0,3,1,0,,1,1,singleton,,0,0,54.0,0,1,0
1302,37.0,90.0,0,1,1,1,,2,2,small,C,0,0,37.0,0,1,0
1303,28.0,7.775,0,3,1,0,,1,1,singleton,,0,0,84.0,0,0,1
1304,26.0,8.05,0,3,0,0,,5,1,singleton,,0,0,78.0,0,0,1
1305,39.0,108.9,0,1,1,0,,5,1,singleton,C,0,0,39.0,1,0,0
1306,38.5,7.25,0,3,0,0,,5,1,singleton,,0,0,115.5,0,0,1
1307,26.0,8.05,0,3,0,0,,5,1,singleton,,0,0,78.0,0,0,1
1308,6.0,22.3583,1,3,0,1,,4,3,small,,1,0,18.0,1,0,0
